Alcon,AcrySof MA60MA (+D),886,119.2,NULL,"{""iolModel"":""MA60MA""}",EVO,5,0,0,1,0,140,1119
Alcon,AcrySof MA60MA (-D),887,119.2,NULL,"{""iolModel"":""MA60MA""}",EVO,5,0,0,1,0,141,1120
Alcon,AcrySof MN60MA (+D),884,119.2,NULL,"{""iolModel"":""MA60MA""}",EVO,5,0,0,1,0,142,1121
Alcon,AcrySof MN60MA (-D),885,119.2,NULL,"{""iolModel"":""MA60MA""}",EVO,5,0,0,1,0,143,1122
Johnson and Johnson Vision,AR40E,699,118.7,NULL,"{""iolModel"":""AR40e/E/M""}",EVO,5,0,0,1,0,144,1123
Johnson and Johnson Vision,AR40e,700,118.7,NULL,"{""iolModel"":""AR40e/E/M""}",EVO,5,0,0,1,0,145,1124
Johnson and Johnson Vision,AR40M,698,118.7,NULL,"{""iolModel"":""AR40e/E/M""}",EVO,5,0,0,1,0,146,1125
Soleko,Evolve,_147,NULL,5.33,,Hoffer®QST,3,0,0,1,0,147,1126
Soleko,FIL 611,_148,NULL,5.6,,Hoffer®QST,3,0,0,1,0,148,1127
Soleko,FIL SSF (sutureless scleral fixation),_149,NULL,5.48,,Hoffer®QST,3,0,0,1,0,149,1128
Soleko,FO 610 (hydrophobic),_150,NULL,6.1,,Hoffer®QST,3,0,0,1,0,150,1129
Soleko,Optofobic 2.0 (hydrophobic 2nd gen.),_151,NULL,5.99,,Hoffer®QST,3,0,0,1,0,151,1130
Alcon,AcrySof IQ Vivity DFT015,1157,NULL,5.644,,Hoffer®QST,3,0,0,1,0,152,1131
Alcon,AcrySof IQ Vivity Toric DFT (2-6)15,1158,NULL,5.7,,Hoffer®QST,3,0,0,1,0,153,1132
Alcon,AcrySof MA60AC,882,NULL,5.67,,Hoffer®QST,3,0,0,1,0,154,1133
Alcon,AcrySof MA60MA (+D),886,NULL,5.8,,Hoffer®QST,3,0,0,1,0,140,1134
Alcon,AcrySof MA60MA (-D),887,NULL,5.8,,Hoffer®QST,3,0,0,1,0,141,1135
Alcon,AcrySof MN60AC,881,NULL,5.67,,Hoffer®QST,3,0,0,1,0,155,1136
Alcon,AcrySof MN60MA (+D),884,NULL,5.8,,Hoffer®QST,3,0,0,1,0,142,1137
Alcon,AcrySof MN60MA (-D),885,NULL,5.8,,Hoffer®QST,3,0,0,1,0,143,1138
Alcon,AcrySof SA60AT,879,NULL,5.38,,Hoffer®QST,3,0,0,1,0,156,1139
Alcon,AcrySof SA60WF,868,NULL,5.67,,Hoffer®QST,3,0,0,1,0,157,1140
Alcon,AcrySof SN60AT,878,NULL,5.38,,Hoffer®QST,3,0,0,1,0,158,1141
Alcon,AcrySof SN60WF,867,NULL,5.67,,Hoffer®QST,3,0,0,1,0,159,1142
Alcon,AcrySof TFNT (20-60),872,NULL,5.83,,Hoffer®QST,3,0,0,1,0,160,1143
Alcon,AcrySof TFNT00,871,NULL,5.77,,Hoffer®QST,3,0,0,1,0,161,1144
Alcon,Clareon CNA0T0,890,NULL,5.76,,Hoffer®QST,3,0,0,1,0,162,1145
Bausch + Lomb,Akreos Adapt AO,190,NULL,5.18,,Hoffer®QST,3,0,0,1,0,163,1146
Bausch + Lomb,Akreos MICS,189,NULL,5.61,,Hoffer®QST,3,0,0,1,0,164,1147
Bausch + Lomb,enVista,197,NULL,5.68,,Hoffer®QST,3,0,0,1,0,165,1148
Bausch + Lomb,EyeCee One,200,NULL,6,,Hoffer®QST,3,0,0,1,0,166,1149
Bausch + Lomb,EyeCee One CRYSTAL,723,NULL,6,,Hoffer®QST,3,0,0,1,0,167,1150
Bausch + Lomb,EyeCee One CRYSTAL Preloaded,722,NULL,6,,Hoffer®QST,3,0,0,1,0,168,1151
Bausch + Lomb,EyeCee One Preloaded,199,NULL,6,,Hoffer®QST,3,0,0,1,0,169,1152
Bausch + Lomb,LuxGood,1799,NULL,5.67,,Hoffer®QST,3,0,0,1,0,170,1153
Bausch + Lomb,LuxGood crystal,1800,NULL,5.67,,Hoffer®QST,3,0,0,1,0,171,1154
Bausch + Lomb,LuxSmart,1171,NULL,5.23,,Hoffer®QST,3,0,0,1,0,172,1155
Bausch + Lomb,LuxSmart crystal,1172,NULL,5.23,,Hoffer®QST,3,0,0,1,0,173,1156
Hoya,150,130,NULL,5.3,,Hoffer®QST,3,0,0,1,0,174,1157
Hoya,151,131,NULL,5.3,,Hoffer®QST,3,0,0,1,0,175,1158
Hoya,250,129,NULL,5.3,,Hoffer®QST,3,0,0,1,0,176,1159
Hoya,251,128,NULL,5.3,,Hoffer®QST,3,0,0,1,0,177,1160
Hoya,254,126,NULL,5.3,,Hoffer®QST,3,0,0,1,0,178,1161
Hoya,255,127,NULL,5.3,,Hoffer®QST,3,0,0,1,0,179,1162
Hoya,NC1-SP,1164,NULL,5.715,,Hoffer®QST,3,0,0,1,0,180,1163
Hoya,NY1-SP,1802,NULL,5.715,,Hoffer®QST,3,0,0,1,0,181,1164
Hoya,PC-60AD,133,NULL,5.3,,Hoffer®QST,3,0,0,1,0,182,1165
Hoya,PC-60R,134,NULL,5.24,,Hoffer®QST,3,0,0,1,0,183,1166
Hoya,PY-60AD,132,NULL,5.3,,Hoffer®QST,3,0,0,1,0,184,1167
Hoya,VA-60BB,138,NULL,5.32,,Hoffer®QST,3,0,0,1,0,185,1168
Hoya,XC1,125,NULL,5.721,,Hoffer®QST,3,0,0,1,0,186,1169
Hoya,XC1-SP,940,NULL,5.721,,Hoffer®QST,3,0,0,1,0,187,1170
Hoya,XY1,117,NULL,5.721,,Hoffer®QST,3,0,0,1,0,188,1171
Hoya,XY1-SP,941,NULL,5.721,,Hoffer®QST,3,0,0,1,0,189,1172
Hoya,YA-60BB,137,NULL,5.5,,Hoffer®QST,3,0,0,1,0,190,1173
Johnson and Johnson Vision,AAB00,576,NULL,5.56,,Hoffer®QST,3,0,0,1,0,191,1174
Johnson and Johnson Vision,AR40E,699,NULL,5.41,,Hoffer®QST,3,0,0,1,0,144,1175
Johnson and Johnson Vision,AR40e,700,NULL,5.39,,Hoffer®QST,3,0,0,1,0,145,1176
Johnson and Johnson Vision,AR40M,698,NULL,5.41,,Hoffer®QST,3,0,0,1,0,146,1177
Johnson and Johnson Vision,DIB00,1117,NULL,5.77,,Hoffer®QST,3,0,0,1,0,192,1178
Johnson and Johnson Vision,ICB00,1039,NULL,5.77,,Hoffer®QST,3,0,0,1,0,193,1179
Johnson and Johnson Vision,ZA9003,577,NULL,5.61,,Hoffer®QST,3,0,0,1,0,194,1180
Johnson and Johnson Vision,ZCB00,696,NULL,5.8,,Hoffer®QST,3,0,0,1,0,195,1181
Johnson and Johnson Vision,ZCB00V,697,NULL,5.7,,Hoffer®QST,3,0,0,1,0,196,1182
Johnson and Johnson Vision,ZCT,635,NULL,5.7,,Hoffer®QST,3,0,0,1,0,197,1183
Johnson and Johnson Vision,DFR00V,1631,NULL,5.7,,Hoffer®QST,3,0,0,1,0,366,1184
Johnson and Johnson Vision,ZFW,1626,NULL,5.7,,Hoffer®QST,3,0,0,1,0,199,1185
Johnson and Johnson Vision,ZKB00,645,NULL,5.7,,Hoffer®QST,3,0,0,1,0,200,1186
Johnson and Johnson Vision,ZKU,1167,NULL,5.72,,Hoffer®QST,3,0,0,1,0,201,1187
Johnson and Johnson Vision,ZLB00,646,NULL,5.7,,Hoffer®QST,3,0,0,1,0,202,1188
Johnson and Johnson Vision,ZLU,1168,NULL,5.72,,Hoffer®QST,3,0,0,1,0,203,1189
Johnson and Johnson Vision,ZMB00,647,NULL,5.7,,Hoffer®QST,3,0,0,1,0,204,1190
Johnson and Johnson Vision,ZXR00,687,NULL,5.59,,Hoffer®QST,3,0,0,1,0,205,1191
Johnson and Johnson Vision,ZXR00V,1679,NULL,5.59,,Hoffer®QST,3,0,0,1,0,206,1192
Johnson and Johnson Vision,ZXT,688,NULL,5.7,,Hoffer®QST,3,0,0,1,0,207,1193
Johnson and Johnson Vision,ZXW,1675,NULL,5.7,,Hoffer®QST,3,0,0,1,0,208,1194
Medicontur,Bi-Flex 677AD,1749,NULL,5.431,,Hoffer®QST,3,0,0,1,0,209,1195
Medicontur,Bi-Flex 677ADY,1750,NULL,5.431,,Hoffer®QST,3,0,0,1,0,210,1196
Medicontur,Bi-Flex PILMA 677P,1057,NULL,5.431,,Hoffer®QST,3,0,0,1,0,211,1197
Medicontur,Bi-Flex PILMA 677PY,1051,NULL,5.431,,Hoffer®QST,3,0,0,1,0,212,1198
Medicontur,Liberty 677MY,1060,NULL,5.431,,Hoffer®QST,3,0,0,1,0,213,1199
Medicontur,Liberty 677PMY,1061,NULL,5.431,,Hoffer®QST,3,0,0,1,0,214,1200
Medicontur,Q-Flex 640AD,1751,NULL,5.46,,Hoffer®QST,3,0,0,1,0,215,1201
Medicontur,Q-Flex 640ADY,1752,NULL,5.46,,Hoffer®QST,3,0,0,1,0,216,1202
Medicontur,Q-Flex 640P,1056,NULL,5.46,,Hoffer®QST,3,0,0,1,0,217,1203
Medicontur,Q-Flex 640PY,1055,NULL,5.46,,Hoffer®QST,3,0,0,1,0,218,1204
PhysIOL,ISOPURE 123,1627,NULL,5.85,,Hoffer®QST,3,0,0,1,0,219,1205
PhysIOL,Micropure 123,926,NULL,5.85,,Hoffer®QST,3,0,0,1,0,220,1206
PhysIOL,POD F GF,933,NULL,5.85,,Hoffer®QST,3,0,0,1,0,221,1207
PhysIOL,PODeye,925,NULL,5.85,,Hoffer®QST,3,0,0,1,0,222,1208
Rayner,RayOne Aspheric,891,NULL,5.32,,Hoffer®QST,3,0,0,1,0,223,1209
Rayner,RayOne EMV,1721,NULL,5.32,,Hoffer®QST,3,0,0,1,0,224,1210
Rayner,RayOne Hydrophobic,918,NULL,5.58,,Hoffer®QST,3,0,0,1,0,225,1211
Rayner,RayOne Spheric,892,NULL,5.32,,Hoffer®QST,3,0,0,1,0,226,1212
Rayner,RayOne Trifocal,893,NULL,5.32,,Hoffer®QST,3,0,0,1,0,227,1213
SIFI,Mini WELL Proxa,1755,NULL,5.21,,Hoffer®QST,3,0,0,1,0,228,1214
SIFI,MINI WELL Ready,1156,NULL,5.32,,Hoffer®QST,3,0,0,1,0,229,1215
ZEISS,AT LARA 829MP,978,NULL,5.02,,Hoffer®QST,3,0,0,1,0,230,1216
ZEISS,AT LISA tri 839MP,985,NULL,5.347,,Hoffer®QST,3,0,0,1,0,231,1217
ZEISS,CT ASPHINA 409M,998,NULL,5.179,,Hoffer®QST,3,0,0,1,0,232,1218
ZEISS,CT ASPHINA 409MP,999,NULL,5.179,,Hoffer®QST,3,0,0,1,0,233,1219
ZEISS,CT ASPHINA 509M,1001,NULL,4.911,,Hoffer®QST,3,0,0,1,0,234,1220
ZEISS,CT ASPHINA 509MP,1003,NULL,4.911,,Hoffer®QST,3,0,0,1,0,235,1221
ZEISS,CT LUCIA 211P,1008,NULL,6.308,,Hoffer®QST,3,0,0,1,0,236,1222
ZEISS,CT LUCIA 211PY,1009,NULL,6.308,,Hoffer®QST,3,0,0,1,0,237,1223
ZEISS,CT LUCIA 221P,1139,NULL,6.29,,Hoffer®QST,3,0,0,1,0,238,1224
ZEISS,CT LUCIA 611P,1013,NULL,6.27,,Hoffer®QST,3,0,0,1,0,239,1225
ZEISS,CT LUCIA 611PY,1014,NULL,6.27,,Hoffer®QST,3,0,0,1,0,240,1226
ZEISS,CT LUCIA 621P,1137,NULL,6.073,,Hoffer®QST,3,0,0,1,0,241,1227
ZEISS,CT LUCIA 621PY,1138,NULL,6.073,,Hoffer®QST,3,0,0,1,0,242,1228
ZEISS,CT SPHERIS 209M,1017,NULL,5.16,,Hoffer®QST,3,0,0,1,0,243,1229
Johnson and Johnson Vision,Tecnis 3-Piece (Z9002),_244,118.8,NULL,"{""iolPowers"":[{""From"":6.0,""To"":30.0,""By"":0.5}]}",Cooke K6,4,0,0,1,0,244,1230
Alcon,AcrySof IQ Vivity DFT015,1157,119.16,NULL,"{""iolPowers"":[{""From"":15.0,""To"":25.0,""By"":0.5}]}",Cooke K6,4,0,0,1,0,152,1231
Alcon,AcrySof IQ Vivity Toric DFT (2-6)15,1158,119.16,NULL,"{""iolPowers"":[{""From"":15.0,""To"":25.0,""By"":0.5}]}",Cooke K6,4,0,0,1,0,153,1232
Alcon,AcrySof MA60MA (+D),886,118.9,NULL,"{""iolPowers"":[{""From"":-5.0,""To"":5.0,""By"":1.0}],""iolModel"":""AlconMA60MA""}",Cooke K6,4,0,0,1,0,140,1233
Alcon,AcrySof MA60MA (-D),887,118.9,NULL,"{""iolPowers"":[{""From"":-5.0,""To"":5.0,""By"":1.0}],""iolModel"":""AlconMA60MA""}",Cooke K6,4,0,0,1,0,141,1234
Alcon,AcrySof MN60MA (+D),884,118.9,NULL,"{""iolPowers"":[{""From"":-5.0,""To"":5.0,""By"":1.0}],""iolModel"":""AlconMA60MA""}",Cooke K6,4,0,0,1,0,142,1235
Alcon,AcrySof MN60MA (-D),885,118.9,NULL,"{""iolPowers"":[{""From"":-5.0,""To"":5.0,""By"":1.0}],""iolModel"":""AlconMA60MA""}",Cooke K6,4,0,0,1,0,143,1236
Alcon,AcrySof SA60AT,879,118.74,NULL,"{""iolPowers"":[{""From"":6.0,""To"":30.0,""By"":0.5},{""From"":31.0,""To"":40.0,""By"":1.0}]},{""iolModel"":""AlconSA60AT""}",Cooke K6,4,0,0,1,0,156,1237
Alcon,AcrySof SA60WF,868,119,NULL,"{""iolPowers"":[{""From"":6.0,""To"":30.0,""By"":0.5}]}",Cooke K6,4,0,0,1,0,157,1238
Alcon,AcrySof SN60AT,878,118.74,NULL,"{""iolPowers"":[{""From"":6.0,""To"":30.0,""By"":0.5},{""From"":31.0,""To"":40.0,""By"":1.0}]},{""iolModel"":""AlconSA60AT""}",Cooke K6,4,0,0,1,0,158,1239
Alcon,AcrySof SN60WF,867,119,NULL,"{""iolPowers"":[{""From"":6.0,""To"":30.0,""By"":0.5}]}",Cooke K6,4,0,0,1,0,159,1240
Alcon,AcrySof TFNT (20-60),872,119.21,NULL,"{""iolPowers"":[{""From"":6.0,""To"":30.0,""By"":0.5},{""From"":31.0,""To"":34.0,""By"":1.0}]}",Cooke K6,4,0,0,1,0,160,1241
Alcon,AcrySof TFNT00,871,119.21,NULL,"{""iolPowers"":{""From"":6.0,""To"":30.0,""By"":0.5},{""From"":31.0,""To"":34.0,""By"":1.0}]}",Cooke K6,4,0,0,1,0,161,1242
Bausch + Lomb,enVista,197,119.1,NULL,,Cooke K6,4,0,0,1,0,165,1243
Bausch + Lomb,enVista enhanced (MX60E),1834,119.1,NULL,"{""iolPowers"":[{""From"":0.0,""To"":10.0,""By"":1.0},{""From"":10.5,""To"":30.0,""By"":0.5},{""From"":31.0,""To"":34.0,""By"":1.0}]}",Cooke K6,4,0,0,1,0,245,1244
Bausch + Lomb,enVista toric,196,119.1,NULL,,Cooke K6,4,0,0,1,0,246,1245
Bausch + Lomb,SofPort AO,195,118.73,NULL,,Cooke K6,4,0,0,1,0,247,1246
Johnson and Johnson Vision,AAB00,576,119,NULL,"{""iolPowers"":[{""From"":5.0,""To"":34.0,""By"":0.5}],""iolModel"":""JAndJ1PieceTecnisOrSensar""}",Cooke K6,4,0,0,1,0,191,1247
Johnson and Johnson Vision,DIB00,1117,119.3,NULL,"{""iolPowers"":[{""From"":5.0,""To"":34.0,""By"":0.5}],""iolModel"":""JAndJ1PieceTecnisOrSensar""}",Cooke K6,4,0,0,1,0,192,1248
Johnson and Johnson Vision,ZA9003,577,119.1,NULL,"{""iolPowers"":[{""From"":10,""To"":30,""By"":0.5}],""iolModel"":""Other""}",Cooke K6,4,0,0,1,0,194,1249
Johnson and Johnson Vision,DCB00,1630,119.3,NULL,"{""iolPowers"":[{""From"":5.0,""To"":34.0,""By"":0.5}],""iolModel"":""JAndJ1PieceTecnisOrSensar""}",Cooke K6,4,0,0,1,0,365,1250
Johnson and Johnson Vision,ZCB00V,697,119.3,NULL,"{""iolPowers"":[{""From"":5.0,""To"":34.0,""By"":0.5}],""iolModel"":""JAndJ1PieceTecnisOrSensar""}",Cooke K6,4,0,0,1,0,196,1251
Johnson and Johnson Vision,ZCU (CE approved),1859,119.3,NULL,"{""iolPowers"":[{""From"":5.0,""To"":34.0,""By"":0.5}],""iolModel"":""JAndJ1PieceTecnisOrSensar""}",Cooke K6,4,0,0,1,0,248,1252
Johnson and Johnson Vision,ZCU (FDA approved),1169,119.3,NULL,"{""iolPowers"":[{""From"":5.0,""To"":34.0,""By"":0.5}],""iolModel"":""JAndJ1PieceTecnisOrSensar""}",Cooke K6,4,0,0,1,0,249,1253
Johnson and Johnson Vision,ZXR00,687,119.3,NULL,"{""iolPowers"":[{""From"":5.0,""To"":34.0,""By"":0.5}],""iolModel"":""JAndJ1PieceTecnisOrSensar""}",Cooke K6,4,0,0,1,0,205,1254
Johnson and Johnson Vision,ZXR00V,1679,119.3,NULL,"{""iolPowers"":[{""From"":5.0,""To"":34.0,""By"":0.5}],""iolModel"":""JAndJ1PieceTecnisOrSensar""}",Cooke K6,4,0,0,1,0,206,1255
ZEISS,AT LARA 829MP,978,118.5,NULL,"{""iolPowers"":[{""From"":-10.0,""To"":32.0,""By"":0.5}]},{""iolModel"":""ZeissPlateHaptic""}",Cooke K6,4,0,0,1,0,230,1256
ZEISS,AT LARA toric 929M,972,118.5,NULL,,Cooke K6,4,0,0,1,0,250,1257
ZEISS,AT LARA toric 929M/MP,1860,118.5,NULL,"{""iolPowers"":[{""From"":-3.5,""To"":38.0,""By"":0.25}]},{""iolModel"":""ZeissPlateHaptic""}",Cooke K6,4,0,0,1,0,251,1258
ZEISS,AT LARA toric 929MP,971,118.5,NULL,,Cooke K6,4,0,0,1,0,252,1259
ZEISS,AT LISA tri 839MP,985,118.6,NULL,"{""iolPowers"":[{""From"":0.0,""To"":32.0,""By"":0.5}]},{""iolModel"":""ZeissPlateHaptic""}",Cooke K6,4,0,0,1,0,231,1260
ZEISS,AT LISA tri toric 939M/MP,1861,118.8,NULL,"{""iolPowers"":[{""From"":-9.5,""To"":30.0,""By"":0.25}]},{""iolModel"":""ZeissPlateHaptic""}",Cooke K6,4,0,0,1,0,253,1261
ZEISS,AT TORBI 709M,989,118.3,NULL,"{""iolPowers"":[{""From"":-9.5,""To"":38.0,""By"":0.25}]},{""iolModel"":""ZeissPlateHaptic""}",Cooke K6,4,0,0,1,0,254,1262
ZEISS,AT TORBI 709MP,990,118.3,NULL,"{""iolPowers"":[{""From"":-9.5,""To"":38.0,""By"":0.25}]},{""iolModel"":""ZeissPlateHaptic""}",Cooke K6,4,0,0,1,0,255,1263
ZEISS,CT ASPHINA 409M,998,118.34,NULL,"{""iolPowers"":[{""From"":0.0,""To"":10.0,""By"":1.0},{""From"":10.5,""To"":30.0,""By"":0.5},{""From"":31.0,""To"":32.0,""By"":1.0}]},{""iolModel"":""ZeissPlateHaptic""}",Cooke K6,4,0,0,1,0,232,1264
ZEISS,CT ASPHINA 409MP,999,118.34,NULL,"{""iolPowers"":[{""From"":0.0,""To"":10.0,""By"":1.0},{""From"":10.5,""To"":30.0,""By"":0.5},{""From"":31.0,""To"":32.0,""By"":1.0}]},{""iolModel"":""ZeissPlateHaptic""}",Cooke K6,4,0,0,1,0,233,1265
ZEISS,CT ASPHINA 409MV,1000,118.34,NULL,,Cooke K6,4,0,0,1,0,256,1266
ZEISS,CT ASPHINA 509M,1001,117.84,NULL,"{""iolModel"":""ZeissPlateHaptic""},{""iolModel"":""ZeissPlateHaptic""}",Cooke K6,4,0,0,1,0,234,1267
ZEISS,CT ASPHINA 509MP,1003,117.84,NULL,"{""iolModel"":""ZeissPlateHaptic""},{""iolModel"":""ZeissPlateHaptic""}",Cooke K6,4,0,0,1,0,235,1268
ZEISS,CT SPHERIS 204,1016,118.3,NULL,"{""iolPowers"":[{""From"":-10.0,""To"":10.0,""By"":1.0},{""From"":10.5,""To"":30.0,""By"":0.5},{""From"":31.0,""To"":45.0,""By"":1.0}]},{""iolModel"":""ZeissPlateHaptic""}",Cooke K6,4,0,0,1,0,257,1269
ZEISS,CT SPHERIS 209M,1017,118.3,NULL,"{""iolPowers"":[{""From"":0.0,""To"":10.0,""By"":1.0},{""From"":10.5,""To"":30.0,""By"":0.5},{""From"":31.0,""To"":32.0,""By"":1.0}]},{""iolModel"":""ZeissPlateHaptic""}",Cooke K6,4,0,0,1,0,243,1270
Ophthalmo Pro,Primus-HD Toric,_258,119.2,NULL,,Kane,2,0,0,1,0,258,1271
Alcon,AcrySof MA60MA (+D),886,119.24,NULL,,Kane,2,0,0,1,0,140,1272
Alcon,AcrySof MA60MA (-D),887,119.24,NULL,,Kane,2,0,0,1,0,141,1273
Alcon,AcrySof MN60MA (+D),884,119.24,NULL,,Kane,2,0,0,1,0,142,1274
Alcon,AcrySof MN60MA (-D),885,119.24,NULL,,Kane,2,0,0,1,0,143,1275
Alcon,AcrySof SA60AT,879,118.7,NULL,,Kane,2,0,0,1,0,156,1276
Alcon,AcrySof SA60WF,868,118.98,NULL,,Kane,2,0,0,1,0,157,1277
Alcon,AcrySof SA6AT (2-9),1050,119.28,NULL,,Kane,2,0,0,1,0,259,1278
Alcon,AcrySof SN60AT,878,118.7,NULL,,Kane,2,0,0,1,0,158,1279
Alcon,AcrySof SN60WF,867,118.98,NULL,,Kane,2,0,0,1,0,159,1280
Alcon,AcrySof SN6AT (2-9),875,119.28,NULL,,Kane,2,0,0,1,0,260,1281
Alcon,AcrySof SND1T (2-6),874,119.35,NULL,,Kane,2,0,0,1,0,261,1282
HumanOptics,TORICA-aA,149,118.3,NULL,,Kane,2,0,0,1,0,262,1283
HumanOptics,TORICA-aAY,150,118.3,NULL,,Kane,2,0,0,1,0,263,1284
Johnson and Johnson Vision,AR40e,700,118.7,NULL,,Kane,2,0,0,1,0,145,1285
Johnson and Johnson Vision,ZCB00,696,119.36,NULL,,Kane,2,0,0,1,0,195,1286
Johnson and Johnson Vision,ZCT,635,119.36,NULL,,Kane,2,0,0,1,0,197,1287
SIFI,MINI Toric Ready,1155,118.94,NULL,,Kane,2,0,0,1,0,264,1288
SIFI,MINI WELL Toric Ready,1143,118.72,NULL,,Kane,2,0,0,1,0,265,1289
ZEISS,CT ASPHINA 409M,998,118.34,NULL,,Kane,2,0,0,1,0,232,1290
ZEISS,CT ASPHINA 409MP,999,118.34,NULL,,Kane,2,0,0,1,0,233,1291
Alcon,AcrySof MA60MA (+D),886,NULL,NULL,"{""iolModel"":""60MA""}",Pearl DGS,1,0,0,1,0,140,1292
Alcon,AcrySof MA60MA (-D),887,NULL,NULL,"{""iolModel"":""60MA""}",Pearl DGS,1,0,0,1,0,141,1293
Alcon,AcrySof MN60MA (+D),884,NULL,NULL,"{""iolModel"":""60MA""}",Pearl DGS,1,0,0,1,0,142,1294
Alcon,AcrySof MN60MA (-D),885,NULL,NULL,"{""iolModel"":""60MA""}",Pearl DGS,1,0,0,1,0,143,1295
Johnson and Johnson Vision,AR40M,698,118.4,NULL,,Pearl DGS,1,0,0,1,0,146,1296
Johnson and Johnson Vision,AR40M,698,118.71,NULL,,Barrett,7,0,0,1,0,146,1297
Johnson and Johnson Vision,ZCB00,696,119.39,NULL,,Barrett,7,0,0,1,0,195,1298
Johnson and Johnson Vision,ZCT,635,119.39,NULL,,Barrett,7,0,0,1,0,197,1299
Bausch + Lomb,SofPort AO,195,118.57,NULL,,Barrett,7,0,0,1,0,247,1301
Bausch + Lomb,enVista enhanced (MX60E),1834,119.2,NULL,,Barrett,7,0,0,1,0,245,1302
Bausch + Lomb,enVista toric,196,119.15,NULL,,Barrett,7,0,0,1,0,246,1303
Bausch + Lomb,enVista,197,119.2,NULL,,Barrett,7,0,0,1,0,165,1304
Hoya,251,128,118.48,NULL,,Barrett,7,0,0,1,0,177,1305
Hoya,351,575,118.48,NULL,,Barrett,7,0,0,1,0,266,1306
ZEISS,CT ASPHINA 409M,998,118.32,NULL,,Barrett,7,0,0,1,0,232,1307
ZEISS,CT ASPHINA 409MP,999,118.32,NULL,,Barrett,7,0,0,1,0,233,1308
ZEISS,CT ASPHINA 409MV,1000,118.32,NULL,,Barrett,7,0,0,1,0,256,1309
ZEISS,AT TORBI 709M,989,118.5,NULL,,Barrett,7,0,0,1,0,254,1310
ZEISS,AT TORBI 709MP,990,118.5,NULL,,Barrett,7,0,0,1,0,255,1311
Alcon,AcrySof MN60MA (+D),884,119.2,NULL,,Barrett,7,0,0,1,0,142,1312
Alcon,AcrySof MN60MA (-D),885,119.2,NULL,,Barrett,7,0,0,1,0,143,1313
Alcon,AcrySof MA60MA (+D),886,119.2,NULL,,Barrett,7,0,0,1,0,140,1314
Alcon,AcrySof MA60MA (-D),887,119.2,NULL,,Barrett,7,0,0,1,0,141,1315
Alcon,AcrySof SA60AT,879,118.53,NULL,,Barrett,7,0,0,1,0,156,1316
Alcon,AcrySof SN60AT,878,118.53,NULL,,Barrett,7,0,0,1,0,158,1317
Alcon,AcrySof SN60WF,867,118.99,NULL,,Barrett,7,0,0,1,0,159,1318
Alcon,AcrySof SA60WF,868,118.99,NULL,,Barrett,7,0,0,1,0,157,1319
Alcon,AcrySof SN6AD1,870,119.01,NULL,,Barrett,7,0,0,1,0,267,1320
Alcon,AcrySof SN6AT (2-9),875,119.26,NULL,,Barrett,7,0,0,1,0,260,1321
Alcon,AcrySof SA6AT (2-9),1050,119.26,NULL,,Barrett,7,0,0,1,0,259,1322
Alcon,AcrySof SND1T (2-6),874,119.36,NULL,,Barrett,7,0,0,1,0,261,1323
Alcon,AcrySof SV25T0,869,119.51,NULL,,Barrett,7,0,0,1,0,268,1324
Alcon,AcrySof SV25T (2-6),873,119.51,NULL,,Barrett,7,0,0,1,0,269,1325
Johnson and Johnson Vision,AR40e,700,118.71,NULL,,Barrett,7,0,0,1,0,145,1326
Bausch + Lomb,BL1UT,_270,119.2,NULL,,Barrett,7,0,0,1,0,270,1327
Alcon,AcrySof MA30AC,_340,118.74,NULL,,Hill-RBF,6,0,0,1,0,340,1328
Alcon,ReSTOR SN6AD3 +4.00 add,_341,119.04,NULL,,Hill-RBF,6,0,0,1,0,341,1329
Johnson and Johnson Vision,Tecnis 3-Piece (Z9002),_342,118.72,NULL,,Hill-RBF,6,0,0,1,0,342,1330
Bausch + Lomb,L122UV / S122UV,_343,116.14,NULL,,Hill-RBF,6,0,0,1,0,343,1331
Bausch + Lomb,Trulign Toric,_344,119,NULL,,Hill-RBF,6,0,0,1,0,344,1332
Bausch + Lomb,Crystalens AT50,_345,119,NULL,,Hill-RBF,6,0,0,1,0,345,1333
Bausch + Lomb,Crystalens AO / Crystalens HD,_346,119.1,NULL,,Hill-RBF,6,0,0,1,0,346,1334
Bausch + Lomb,Crystalens AT52,_347,119.28,NULL,,Hill-RBF,6,0,0,1,0,347,1335
Oculentis,L402,_348,118.2,NULL,,Hill-RBF,6,0,0,1,0,348,1336
Oculentis,LS502-1,_349,118.7,NULL,,Hill-RBF,6,0,0,1,0,349,1337
OPHTEC,Monomax PC550,_350,118.7,NULL,,Hill-RBF,6,0,0,1,0,350,1338
Rayner,Centerflex 570H,_351,118.4,NULL,,Hill-RBF,6,0,0,1,0,351,1339
Rayner,M-flex T 588 / 638F toric,_352,118.7,NULL,,Hill-RBF,6,0,0,1,0,352,1340
Rayner,C-flex 570C / 970C,_353,118.75,NULL,,Hill-RBF,6,0,0,1,0,353,1341
Rayner,Superflex 620H / 920H,_354,118.75,NULL,,Hill-RBF,6,0,0,1,0,354,1342
Rayner,M-flex 630F / 580F,_355,118.8,NULL,,Hill-RBF,6,0,0,1,0,355,1343
Rayner,755U,_356,118.8,NULL,,Hill-RBF,6,0,0,1,0,356,1344
Rayner,T-flex 573T / 673T toric,_357,118.95,NULL,,Hill-RBF,6,0,0,1,0,357,1345
RxSight,60005,_358,118.52,NULL,,Hill-RBF,6,0,0,1,0,358,1346
Staar,CQ-2015A,_359,118.56,NULL,,Hill-RBF,6,0,0,1,0,359,1347
Staar,AA4203-TF Toric / AA4203-TL Toric,_360,118.64,NULL,,Hill-RBF,6,0,0,1,0,360,1348
Staar,AQ-2010V / AQ-5010V,_361,119.12,NULL,,Hill-RBF,6,0,0,1,0,361,1349
Alcon,PMMA MTA3U0,888,115.54,NULL,,Hill-RBF,6,0,0,1,0,271,1350
Alcon,PMMA MTA4U0,889,115.54,NULL,,Hill-RBF,6,0,0,1,0,272,1351
Alcon,AcrySof MN60AC,881,118.74,NULL,,Hill-RBF,6,0,0,1,0,155,1352
Alcon,AcrySof MA60AC,882,118.74,NULL,,Hill-RBF,6,0,0,1,0,154,1353
Alcon,AcrySof SA60AT,879,118.74,NULL,,Hill-RBF,6,0,0,1,0,156,1354
Alcon,AcrySof SN60AT,878,118.74,NULL,,Hill-RBF,6,0,0,1,0,158,1355
Alcon,AcrySof AU00T0,877,119.02,NULL,,Hill-RBF,6,0,0,1,0,273,1356
Alcon,AcrySof SA60WF,868,119.02,NULL,,Hill-RBF,6,0,0,1,0,157,1357
Alcon,AcrySof SN60WF,867,119.02,NULL,,Hill-RBF,6,0,0,1,0,159,1358
Alcon,AcrySof SN6CWS,876,119.02,NULL,,Hill-RBF,6,0,0,1,0,274,1359
Alcon,AcrySof SN6AD1,870,119.04,NULL,,Hill-RBF,6,0,0,1,0,267,1360
Alcon,AcrySof MN60MA (+D),884,119.1,NULL,,Hill-RBF,6,0,0,1,0,142,1361
Alcon,AcrySof MN60MA (-D),885,119.1,NULL,,Hill-RBF,6,0,0,1,0,143,1363
Alcon,AcrySof MA60MA (+D),886,119.1,NULL,,Hill-RBF,6,0,0,1,0,140,1364
Alcon,AcrySof MA60MA (-D),887,119.1,NULL,,Hill-RBF,6,0,0,1,0,141,1365
Alcon,AcrySof IQ Vivity DFT015,1157,119.16,NULL,,Hill-RBF,6,0,0,1,0,152,1366
Alcon,AcrySof IQ Vivity Toric DFT (2-6)15,1158,119.16,NULL,,Hill-RBF,6,0,0,1,0,153,1367
Alcon,AcrySof MN6AD1,880,119.18,NULL,,Hill-RBF,6,0,0,1,0,275,1368
Alcon,Clareon Toric CNW0T2-9,1837,119.18,NULL,,Hill-RBF,6,0,0,1,0,276,1369
Alcon,Clareon PanOptix CNWTT0,1835,119.18,NULL,,Hill-RBF,6,0,0,1,0,277,1370
Alcon,Clareon PanOptix Toric CNWTT2-6,1836,119.18,NULL,,Hill-RBF,6,0,0,1,0,278,1371
Alcon,AcrySof SN6AT (2-9),875,119.2,NULL,,Hill-RBF,6,0,0,1,0,260,1372
Alcon,AcrySof SA6AT (2-9),1050,119.2,NULL,,Hill-RBF,6,0,0,1,0,259,1373
Alcon,AcrySof TFNT00,871,119.21,NULL,,Hill-RBF,6,0,0,1,0,161,1374
Alcon,AcrySof TFNT (20-60),872,119.21,NULL,,Hill-RBF,6,0,0,1,0,160,1375
Alcon,Clareon CNA0T0,890,119.26,NULL,,Hill-RBF,6,0,0,1,0,162,1376
Alcon,Clareon SY60WF,1838,119.26,NULL,,Hill-RBF,6,0,0,1,0,279,1377
Alcon,AcrySof SV25T0,869,119.5,NULL,,Hill-RBF,6,0,0,1,0,268,1378
Alcon,AcrySof SV25T (2-6),873,119.5,NULL,,Hill-RBF,6,0,0,1,0,269,1379
Johnson and Johnson Vision,AR40M,698,118.7,NULL,,Hill-RBF,6,0,0,1,0,146,1380
Johnson and Johnson Vision,AR40E,699,118.7,NULL,,Hill-RBF,6,0,0,1,0,144,1381
Johnson and Johnson Vision,AR40e,700,118.7,NULL,,Hill-RBF,6,0,0,1,0,145,1382
Johnson and Johnson Vision,ZA9003,577,119.1,NULL,,Hill-RBF,6,0,0,1,0,194,1383
Johnson and Johnson Vision,PCB00,578,119.34,NULL,,Hill-RBF,6,0,0,1,0,280,1384
Johnson and Johnson Vision,PCB00V,579,119.34,NULL,,Hill-RBF,6,0,0,1,0,281,1385
Johnson and Johnson Vision,ZCB00,696,119.34,NULL,,Hill-RBF,6,0,0,1,0,195,1386
Johnson and Johnson Vision,ZCT,635,119.34,NULL,,Hill-RBF,6,0,0,1,0,197,1387
Johnson and Johnson Vision,ZXR00,687,119.34,NULL,,Hill-RBF,6,0,0,1,0,205,1388
Johnson and Johnson Vision,ZXR00V,1679,119.34,NULL,,Hill-RBF,6,0,0,1,0,206,1389
Johnson and Johnson Vision,ZXT,688,119.34,NULL,,Hill-RBF,6,0,0,1,0,207,1390
Johnson and Johnson Vision,ZXW,1675,119.34,NULL,,Hill-RBF,6,0,0,1,0,208,1391
Johnson and Johnson Vision,ZKB00,645,119.42,NULL,,Hill-RBF,6,0,0,1,0,200,1392
Johnson and Johnson Vision,ZLB00,646,119.42,NULL,,Hill-RBF,6,0,0,1,0,202,1393
Johnson and Johnson Vision,ZMA00,719,119.42,NULL,,Hill-RBF,6,0,0,1,0,282,1394
Johnson and Johnson Vision,ZMB00,647,119.42,NULL,,Hill-RBF,6,0,0,1,0,204,1395
Bausch + Lomb,SofPort AO,195,118.58,NULL,,Hill-RBF,6,0,0,1,0,247,1396
Bausch + Lomb,enVista toric,196,119.2,NULL,,Hill-RBF,6,0,0,1,0,246,1397
Bausch + Lomb,enVista,197,119.2,NULL,,Hill-RBF,6,0,0,1,0,165,1398
Bausch + Lomb,enVista enhanced (MX60E),1834,119.2,NULL,,Hill-RBF,6,0,0,1,0,245,1399
Biotech,EYECRYL TORIC HFY,822,118.99,NULL,,Hill-RBF,6,0,0,1,0,283,1400
Hoya,251,128,118.58,NULL,,Hill-RBF,6,0,0,1,0,177,1401
Hoya,250,129,118.58,NULL,,Hill-RBF,6,0,0,1,0,176,1402
Lenstec,SBL-3,1026,118.35,NULL,,Hill-RBF,6,0,0,1,0,284,1403
Lenstec,Softec HDO,1029,118.4,NULL,,Hill-RBF,6,0,0,1,0,285,1404
Medicontur,Bi-Flex 677AB,1047,118.1,NULL,,Hill-RBF,6,0,0,1,0,286,1405
Medicontur,Bi-Flex 677ABY,1052,118.1,NULL,,Hill-RBF,6,0,0,1,0,287,1406
Medicontur,Q-Flex 640AB,1053,118.1,NULL,,Hill-RBF,6,0,0,1,0,288,1407
Medicontur,Q-Flex 640ABY,1054,118.1,NULL,,Hill-RBF,6,0,0,1,0,289,1408
Medicontur,Bi-Flex PILMA 677PY,1051,118.9,NULL,,Hill-RBF,6,0,0,1,0,212,1409
Medicontur,Bi-Flex PILMA 677P,1057,118.9,NULL,,Hill-RBF,6,0,0,1,0,211,1410
Medicontur,Bi-Flex PIL-MA 677 P,1813,118.9,NULL,,Hill-RBF,6,0,0,1,0,290,1411
Medicontur,Bi-Flex PIL-MA 677 PY,1814,118.9,NULL,,Hill-RBF,6,0,0,1,0,291,1412
Medicontur,Q-Flex 640PY,1055,118.9,NULL,,Hill-RBF,6,0,0,1,0,218,1413
Medicontur,Q-Flex 640P,1056,118.9,NULL,,Hill-RBF,6,0,0,1,0,217,1414
Medicontur,Liberty 677PMY,1061,118.9,NULL,,Hill-RBF,6,0,0,1,0,214,1415
Medicontur,Liberty Toric 677MTY,1088,118.9,NULL,,Hill-RBF,6,0,0,1,0,292,1416
Medicontur,Liberty 677 MY,1811,118.9,NULL,,Hill-RBF,6,0,0,1,0,293,1417
Medicontur,Liberty 677 MTY,1812,118.9,NULL,,Hill-RBF,6,0,0,1,0,294,1418
Medicontur,Bi-Flex 677TA,1058,118.9,NULL,,Hill-RBF,6,0,0,1,0,295,1419
Medicontur,Bi-Flex 677TAY,1059,118.9,NULL,,Hill-RBF,6,0,0,1,0,296,1420
Medicontur,Bi-Flex 677 TA,1809,118.9,NULL,,Hill-RBF,6,0,0,1,0,297,1421
Medicontur,Bi-Flex 677 TAY,1810,118.9,NULL,,Hill-RBF,6,0,0,1,0,298,1422
Medicontur,Q-Flex 640MY,1063,118.9,NULL,,Hill-RBF,6,0,0,1,0,299,1423
Medicontur,Liberty 677MY,1060,118.9,NULL,,Hill-RBF,6,0,0,1,0,213,1424
Medicontur,Bi-Flex 877FAB,1064,118.9,NULL,,Hill-RBF,6,0,0,1,0,300,1425
Medicontur,Bi-Flex 877FABY,1065,118.9,NULL,,Hill-RBF,6,0,0,1,0,301,1426
Medicontur,Bi-Flex POB-MA 877 PA,1815,118.9,NULL,,Hill-RBF,6,0,0,1,0,302,1427
Medicontur,Bi-Flex POB-MA 877 PAY,1816,118.9,NULL,,Hill-RBF,6,0,0,1,0,303,1428
Oculentis,LU-313 MF30T,1717,118.2,NULL,,Hill-RBF,6,0,0,1,0,304,1429
Oculentis,L-302-1,526,118.3,NULL,,Hill-RBF,6,0,0,1,0,305,1430
Oculentis,L-312,530,118.5,NULL,,Hill-RBF,6,0,0,1,0,306,1431
Oculentis,LS-312Y,531,118.5,NULL,,Hill-RBF,6,0,0,1,0,307,1432
Oculentis,LS-313Y,533,118.5,NULL,,Hill-RBF,6,0,0,1,0,308,1433
Oculentis,LS-313 T0-T6,539,118.5,NULL,,Hill-RBF,6,0,0,1,0,309,1434
Oculentis,LS-313 MF15,544,118.5,NULL,,Hill-RBF,6,0,0,1,0,310,1435
Oculentis,LS-313 MF20,545,118.5,NULL,,Hill-RBF,6,0,0,1,0,311,1436
Oculentis,LS-313 MF30,546,118.5,NULL,,Hill-RBF,6,0,0,1,0,312,1437
Oculentis,LS-313 MF15 T0-T6,550,118.5,NULL,,Hill-RBF,6,0,0,1,0,314,1439
OPHTEC,PC 560,656,118.6,NULL,,Hill-RBF,6,0,0,1,0,317,1442
OPHTEC,PC 570,658,118.6,NULL,,Hill-RBF,6,0,0,1,0,318,1443
OPHTEC,PC 570 NVA,1142,118.6,NULL,,Hill-RBF,6,0,0,1,0,319,1444
OPHTEC,PC 565,657,118.6,NULL,,Hill-RBF,6,0,0,1,0,320,1445
OPHTEC,PreciSAL P302A(C),1639,118.9,NULL,,Hill-RBF,6,0,0,1,0,321,1446
OPHTEC,PC 545,655,119,NULL,,Hill-RBF,6,0,0,1,0,322,1447
PhysIOL,Micro F,927,118.8,NULL,,Hill-RBF,6,0,0,1,0,323,1448
PhysIOL,Slimflex,922,118.9,NULL,,Hill-RBF,6,0,0,1,0,324,1449
PhysIOL,Micro+ A 123,923,118.9,NULL,,Hill-RBF,6,0,0,1,0,325,1450
PhysIOL,Micro+ AY 123,924,118.9,NULL,,Hill-RBF,6,0,0,1,0,326,1451
PhysIOL,POD F,928,118.95,NULL,,Hill-RBF,6,0,0,1,0,327,1452
PhysIOL,POD F Toric,929,118.95,NULL,,Hill-RBF,6,0,0,1,0,328,1453
PhysIOL,Ankoris,930,118.95,NULL,,Hill-RBF,6,0,0,1,0,329,1454
PhysIOL,Micropure 123,926,119.4,NULL,,Hill-RBF,6,0,0,1,0,220,1455
PhysIOL,PODeye,925,119.4,NULL,,Hill-RBF,6,0,0,1,0,222,1456
PhysIOL,PODEYE TORIC,1747,119.4,NULL,,Hill-RBF,6,0,0,1,0,330,1457
ZEISS,CT ASPHINA 509M,1001,117.9,NULL,,Hill-RBF,6,0,0,1,0,234,1458
ZEISS,CT ASPHINA 509MP,1003,117.9,NULL,,Hill-RBF,6,0,0,1,0,235,1459
ZEISS,AT LISA 809M,980,118,NULL,,Hill-RBF,6,0,0,1,0,331,1460
ZEISS,AT LISA 809MP,981,118,NULL,,Hill-RBF,6,0,0,1,0,332,1461
ZEISS,AT LISA 809MV,982,118,NULL,,Hill-RBF,6,0,0,1,0,333,1462
ZEISS,CT ASPHINA 409M,998,118.3,NULL,,Hill-RBF,6,0,0,1,0,232,1463
ZEISS,CT ASPHINA 409MP,999,118.3,NULL,,Hill-RBF,6,0,0,1,0,233,1464
ZEISS,CT ASPHINA 409MV,1000,118.3,NULL,,Hill-RBF,6,0,0,1,0,256,1465
ZEISS,AT LISA toric 909M,983,118.4,NULL,,Hill-RBF,6,0,0,1,0,334,1466
ZEISS,AT LISA toric 909MP,984,118.4,NULL,,Hill-RBF,6,0,0,1,0,335,1467
ZEISS,CT LUCIA 602,1012,118.4,NULL,,Hill-RBF,6,0,0,1,0,336,1468
ZEISS,CT ASPHINA 404,997,118.52,NULL,,Hill-RBF,6,0,0,1,0,337,1469
ZEISS,AT TORBI 709M,989,118.61,NULL,,Hill-RBF,6,0,0,1,0,254,1470
ZEISS,AT TORBI 709MP,990,118.61,NULL,,Hill-RBF,6,0,0,1,0,255,1471
ZEISS,AT LISA tri 839MP,985,118.8,NULL,,Hill-RBF,6,0,0,1,0,231,1472
ZEISS,AT LISA tri toric 939M/MP,1861,118.8,NULL,,Hill-RBF,6,0,0,1,0,253,1473
ZEISS,CT LUCIA 601P,1010,119.2,NULL,,Hill-RBF,6,0,0,1,0,338,1474
ZEISS,CT LUCIA 601PY,1011,119.2,NULL,,Hill-RBF,6,0,0,1,0,339,1475
Alcon,AcrySof SV25T0,869,119.49,NULL,,Kane,2,0,0,1,0,268,1476
Alcon,AcrySof SV25T (2-6),873,119.49,NULL,,Kane,2,0,0,1,0,269,1477
Johnson and Johnson Vision,ZA9002,_362,119,NULL,,EVO,5,0,0,1,0,362,1479
Johnson and Johnson Vision,ZA9002,_362,118.8,NULL,,Pearl DGS,1,0,0,1,0,362,1480
Johnson and Johnson Vision,ZA9002,_362,118.8,NULL,,Kane,2,0,0,1,0,362,1481
Johnson and Johnson Vision,ZA9002,_362,118.8,NULL,,Hoffer®QST,3,0,0,1,0,362,1482
Johnson and Johnson Vision,ZA9002,_362,118.8,NULL,,Cooke K6,4,0,0,1,0,362,1483
Johnson and Johnson Vision,ZA9002,_362,118.8,NULL,,Hill-RBF,6,0,0,1,0,362,1484
Johnson and Johnson Vision,ZA9002,_362,118.8,NULL,,Barrett,7,0,0,1,0,362,1485
Alcon,AcrySof SN60WF,867,119.1,NULL,"{""iolModel"":""SN60WF""}",Pearl DGS,1,0,0,1,0,159,1486
Johnson and Johnson Vision,ZCB00,696,119.35,NULL,"{""iolModel"":""PCB""}",Pearl DGS,1,0,0,1,0,195,1487
Johnson and Johnson Vision,PCB00,578,119.35,NULL,"{""iolModel"":""PCB""}",Pearl DGS,1,0,0,1,0,280,1488
Alcon,AcrySof SA60WF,868,119.1,NULL,"{""iolModel"":""SN60WF""}",Pearl DGS,1,0,0,1,0,157,1489
PhysIOL,POD F,928,118.95,NULL,"{""iolModel"":""Finevision""}",Pearl DGS,1,0,0,1,0,327,1490
PhysIOL,POD F Toric,929,118.95,NULL,"{""iolModel"":""Finevision""}",Pearl DGS,1,0,0,1,0,328,1491
Johnson and Johnson Vision,ZMT,648,119.3,NULL,"{""iolModel"":""PCB""}",Pearl DGS,1,0,0,1,0,363,1492
Johnson and Johnson Vision,DFW (CE approved),1625,119.3,NULL,"{""iolModel"":""PCB""}",Pearl DGS,1,0,0,1,0,364,1493
Johnson and Johnson Vision,DCB00,1630,119.3,NULL,,Kane,2,0,0,1,0,365,1494
Johnson and Johnson Vision,DFR00V,1631,119.3,NULL,"{""iolModel"":""PCB""}",Pearl DGS,1,0,0,1,0,366,1495
Johnson and Johnson Vision,DIU,1740,119.3,NULL,"{""iolModel"":""PCB""}",Pearl DGS,1,0,0,1,0,367,1496
Johnson and Johnson Vision,DFW (FDA approved),1770,119.3,NULL,"{""iolModel"":""PCB""}",Pearl DGS,1,0,0,1,0,368,1497
Johnson and Johnson Vision,DXR00V,2270,119.3,NULL,"{""iolModel"":""PCB""}",Pearl DGS,1,0,0,1,0,369,1498
Johnson and Johnson Vision,DXW,2271,119.3,NULL,"{""iolModel"":""PCB""}",Pearl DGS,1,0,0,1,0,370,1499
Johnson and Johnson Vision,ICB00,1039,119.3,NULL,"{""iolModel"":""PCB""}",Pearl DGS,1,0,0,1,0,193,1500
Johnson and Johnson Vision,ZFR00V,1089,119.3,NULL,"{""iolModel"":""PCB""}",Pearl DGS,1,0,0,1,0,198,1501
Johnson and Johnson Vision,DIB00,1117,119.3,NULL,"{""iolModel"":""PCB""}",Pearl DGS,1,0,0,1,0,192,1502
Johnson and Johnson Vision,ZKU,1167,119.3,NULL,"{""iolModel"":""PCB""}",Pearl DGS,1,0,0,1,0,201,1503
Johnson and Johnson Vision,ZLU,1168,119.3,NULL,"{""iolModel"":""PCB""}",Pearl DGS,1,0,0,1,0,203,1504
Johnson and Johnson Vision,ZCU (FDA approved),1169,119.3,NULL,"{""iolModel"":""PCB""}",Pearl DGS,1,0,0,1,0,249,1505
Johnson and Johnson Vision,ZFW,1626,119.3,NULL,"{""iolModel"":""PCB""}",Pearl DGS,1,0,0,1,0,199,1506
Johnson and Johnson Vision,ZXW,1675,119.3,NULL,"{""iolModel"":""PCB""}",Pearl DGS,1,0,0,1,0,208,1507
Johnson and Johnson Vision,ZXR00V,1679,119.3,NULL,"{""iolModel"":""PCB""}",Pearl DGS,1,0,0,1,0,206,1508
Johnson and Johnson Vision,ZCU (CE approved),1859,119.3,NULL,"{""iolModel"":""PCB""}",Pearl DGS,1,0,0,1,0,248,1509
Johnson and Johnson Vision,PCB00V,579,119.3,NULL,"{""iolModel"":""PCB""}",Pearl DGS,1,0,0,1,0,281,1511
Johnson and Johnson Vision,ZCT,635,119.3,NULL,"{""iolModel"":""PCB""}",Pearl DGS,1,0,0,1,0,197,1512
Johnson and Johnson Vision,ZKB00,645,119.3,NULL,"{""iolModel"":""PCB""}",Pearl DGS,1,0,0,1,0,200,1513
Johnson and Johnson Vision,ZLB00,646,119.3,NULL,"{""iolModel"":""PCB""}",Pearl DGS,1,0,0,1,0,202,1514
Johnson and Johnson Vision,ZMB00,647,119.3,NULL,"{""iolModel"":""PCB""}",Pearl DGS,1,0,0,1,0,204,1515
Johnson and Johnson Vision,ZXR00,687,119.3,NULL,"{""iolModel"":""PCB""}",Pearl DGS,1,0,0,1,0,205,1516
Johnson and Johnson Vision,ZXT,688,119.3,NULL,"{""iolModel"":""PCB""}",Pearl DGS,1,0,0,1,0,207,1517
Johnson and Johnson Vision,ZCB00V,697,119.3,NULL,"{""iolModel"":""PCB""}",Pearl DGS,1,0,0,1,0,196,1519
Johnson and Johnson Vision,ZMA00,719,119.3,NULL,"{""iolModel"":""PCB""}",Pearl DGS,1,0,0,1,0,282,1520
Johnson and Johnson Vision,ZFR00V,1089,119.3,NULL,,Kane,2,0,0,1,0,198,1521
Johnson and Johnson Vision,DFR00V,1631,119.3,NULL,"{""iolPowers"":[{""From"":5.0,""To"":34.0,""By"":0.5}]},{""iolModel"":""JAndJ1PieceTecnisOrSensar""}",Cooke K6,4,0,0,1,0,366,1522
Johnson and Johnson Vision,ZFR00V,1089,119.3,NULL,"{""iolModel"":""Synergy""}",EVO,5,0,0,1,0,198,1523
Johnson and Johnson Vision,DFR00V,1631,119.3,NULL,,Hill-RBF,6,0,0,1,0,366,1524
Johnson and Johnson Vision,ZFR00V,1089,119.3,NULL,,Barrett,7,0,0,1,0,198,1525
Aurolab,Anterior chamber IOL,_407,115.3,NULL,,Pearl DGS,1,0,0,1,0,407,2165
Aurolab,Auroflex aspheric IOL Hydrophilic,_408,118,NULL,,Pearl DGS,1,0,0,1,0,408,2166
Aurolab,Auroflex EV gold Hydrophilic,_409,118,NULL,,Pearl DGS,1,0,0,1,0,409,2167
Aurolab,Auroflex EV. Hydrophilic,_410,118,NULL,,Pearl DGS,1,0,0,1,0,410,2168
Aurolab,Auroflex toric. Hydrophilic,_411,118,NULL,,Pearl DGS,1,0,0,1,0,411,2169
Aurolab,Aurogold PMMA,_412,118.5,NULL,,Pearl DGS,1,0,0,1,0,412,2170
Aurolab,Auroped (pediatric PMMA IOL),_413,118.5,NULL,,Pearl DGS,1,0,0,1,0,413,2171
Aurolab,Aurovue Dfine Hydrophobic,_414,118.7,NULL,,Pearl DGS,1,0,0,1,0,414,2172
Aurolab,Aurovue EV Gold Hydrophobic,_415,118.7,NULL,,Pearl DGS,1,0,0,1,0,415,2173
Aurolab,Aurovue EV Hydrophobic,_416,118.7,NULL,,Pearl DGS,1,0,0,1,0,416,2174
Aurolab,Aurovue EV Toric Hydrophobic,_417,118.7,NULL,,Pearl DGS,1,0,0,1,0,417,2175
Aurolab,Aurovue Hydrophobic monofocal,_418,118.7,NULL,,Pearl DGS,1,0,0,1,0,418,2176
Aurolab,Aurovue multipiece preloaded Hydrophobic.,_419,118.4,NULL,,Pearl DGS,1,0,0,1,0,419,2177
Aurolab,Aurovue Vivid Hydrophobic,_420,118.7,NULL,,Pearl DGS,1,0,0,1,0,420,2178
Aurolab,Low power IOL,_421,117.5,NULL,,Pearl DGS,1,0,0,1,0,421,2179
Aurolab,Negative power IOL,_422,117.5,NULL,,Pearl DGS,1,0,0,1,0,422,2180
Aurolab,Scleral fixation IOL PMMA,_423,118.5,NULL,,Pearl DGS,1,0,0,1,0,423,2181
Aurolab,Three piece PMMA,_424,118.5,NULL,,Pearl DGS,1,0,0,1,0,424,2182
Aurolab,Truedge Aspheric PMMA,_425,118,NULL,,Pearl DGS,1,0,0,1,0,425,2183
Aurolab,Anterior chamber IOL,_407,115.3,NULL,,Kane,2,0,0,1,0,407,2184
Aurolab,Auroflex aspheric IOL Hydrophilic,_408,118,NULL,,Kane,2,0,0,1,0,408,2185
Aurolab,Auroflex EV gold Hydrophilic,_409,118,NULL,,Kane,2,0,0,1,0,409,2186
Aurolab,Auroflex EV. Hydrophilic,_410,118,NULL,,Kane,2,0,0,1,0,410,2187
Aurolab,Auroflex toric. Hydrophilic,_411,118,NULL,,Kane,2,0,0,1,0,411,2188
Aurolab,Aurogold PMMA,_412,118.5,NULL,,Kane,2,0,0,1,0,412,2189
Aurolab,Auroped (pediatric PMMA IOL),_413,118.5,NULL,,Kane,2,0,0,1,0,413,2190
Aurolab,Aurovue Dfine Hydrophobic,_414,118.7,NULL,,Kane,2,0,0,1,0,414,2191
Aurolab,Aurovue EV Gold Hydrophobic,_415,118.7,NULL,,Kane,2,0,0,1,0,415,2192
Aurolab,Aurovue EV Hydrophobic,_416,118.7,NULL,,Kane,2,0,0,1,0,416,2193
Aurolab,Aurovue EV Toric Hydrophobic,_417,118.7,NULL,,Kane,2,0,0,1,0,417,2194
Aurolab,Aurovue Hydrophobic monofocal,_418,118.7,NULL,,Kane,2,0,0,1,0,418,2195
Aurolab,Aurovue multipiece preloaded Hydrophobic.,_419,118.4,NULL,,Kane,2,0,0,1,0,419,2196
Aurolab,Aurovue Vivid Hydrophobic,_420,118.7,NULL,,Kane,2,0,0,1,0,420,2197
Aurolab,Low power IOL,_421,117.5,NULL,,Kane,2,0,0,1,0,421,2198
Aurolab,Negative power IOL,_422,117.5,NULL,,Kane,2,0,0,1,0,422,2199
Aurolab,Scleral fixation IOL PMMA,_423,118.5,NULL,,Kane,2,0,0,1,0,423,2200
Aurolab,Three piece PMMA,_424,118.5,NULL,,Kane,2,0,0,1,0,424,2201
Aurolab,Truedge Aspheric PMMA,_425,118,NULL,,Kane,2,0,0,1,0,425,2202
Aurolab,Anterior chamber IOL,_407,115.3,NULL,,Hoffer®QST,3,0,0,1,0,407,2203
Aurolab,Auroflex aspheric IOL Hydrophilic,_408,118,NULL,,Hoffer®QST,3,0,0,1,0,408,2204
Aurolab,Auroflex EV gold Hydrophilic,_409,118,NULL,,Hoffer®QST,3,0,0,1,0,409,2205
Aurolab,Auroflex EV. Hydrophilic,_410,118,NULL,,Hoffer®QST,3,0,0,1,0,410,2206
Aurolab,Auroflex toric. Hydrophilic,_411,118,NULL,,Hoffer®QST,3,0,0,1,0,411,2207
Aurolab,Aurogold PMMA,_412,118.5,NULL,,Hoffer®QST,3,0,0,1,0,412,2208
Aurolab,Auroped (pediatric PMMA IOL),_413,118.5,NULL,,Hoffer®QST,3,0,0,1,0,413,2209
Aurolab,Aurovue Dfine Hydrophobic,_414,118.7,NULL,,Hoffer®QST,3,0,0,1,0,414,2210
Aurolab,Aurovue EV Gold Hydrophobic,_415,118.7,NULL,,Hoffer®QST,3,0,0,1,0,415,2211
Aurolab,Aurovue EV Hydrophobic,_416,118.7,NULL,,Hoffer®QST,3,0,0,1,0,416,2212
Aurolab,Aurovue EV Toric Hydrophobic,_417,118.7,NULL,,Hoffer®QST,3,0,0,1,0,417,2213
Aurolab,Aurovue Hydrophobic monofocal,_418,118.7,NULL,,Hoffer®QST,3,0,0,1,0,418,2214
Aurolab,Aurovue multipiece preloaded Hydrophobic.,_419,118.4,NULL,,Hoffer®QST,3,0,0,1,0,419,2215
Aurolab,Aurovue Vivid Hydrophobic,_420,118.7,NULL,,Hoffer®QST,3,0,0,1,0,420,2216
Aurolab,Low power IOL,_421,117.5,NULL,,Hoffer®QST,3,0,0,1,0,421,2217
Aurolab,Negative power IOL,_422,117.5,NULL,,Hoffer®QST,3,0,0,1,0,422,2218
Aurolab,Scleral fixation IOL PMMA,_423,118.5,NULL,,Hoffer®QST,3,0,0,1,0,423,2219
Aurolab,Three piece PMMA,_424,118.5,NULL,,Hoffer®QST,3,0,0,1,0,424,2220
Aurolab,Truedge Aspheric PMMA,_425,118,NULL,,Hoffer®QST,3,0,0,1,0,425,2221
Aurolab,Anterior chamber IOL,_407,115.3,NULL,,Cooke K6,4,0,0,1,0,407,2222
Aurolab,Auroflex aspheric IOL Hydrophilic,_408,118,NULL,,Cooke K6,4,0,0,1,0,408,2223
Aurolab,Auroflex EV gold Hydrophilic,_409,118,NULL,,Cooke K6,4,0,0,1,0,409,2224
Aurolab,Auroflex EV. Hydrophilic,_410,118,NULL,,Cooke K6,4,0,0,1,0,410,2225
Aurolab,Auroflex toric. Hydrophilic,_411,118,NULL,,Cooke K6,4,0,0,1,0,411,2226
Aurolab,Aurogold PMMA,_412,118.5,NULL,,Cooke K6,4,0,0,1,0,412,2227
Aurolab,Auroped (pediatric PMMA IOL),_413,118.5,NULL,,Cooke K6,4,0,0,1,0,413,2228
Aurolab,Aurovue Dfine Hydrophobic,_414,118.7,NULL,,Cooke K6,4,0,0,1,0,414,2229
Aurolab,Aurovue EV Gold Hydrophobic,_415,118.7,NULL,,Cooke K6,4,0,0,1,0,415,2230
Aurolab,Aurovue EV Hydrophobic,_416,118.7,NULL,,Cooke K6,4,0,0,1,0,416,2231
Aurolab,Aurovue EV Toric Hydrophobic,_417,118.7,NULL,,Cooke K6,4,0,0,1,0,417,2232
Aurolab,Aurovue Hydrophobic monofocal,_418,118.7,NULL,,Cooke K6,4,0,0,1,0,418,2233
Aurolab,Aurovue multipiece preloaded Hydrophobic.,_419,118.4,NULL,,Cooke K6,4,0,0,1,0,419,2234
Aurolab,Aurovue Vivid Hydrophobic,_420,118.7,NULL,,Cooke K6,4,0,0,1,0,420,2235
Aurolab,Low power IOL,_421,117.5,NULL,,Cooke K6,4,0,0,1,0,421,2236
Aurolab,Negative power IOL,_422,117.5,NULL,,Cooke K6,4,0,0,1,0,422,2237
Aurolab,Scleral fixation IOL PMMA,_423,118.5,NULL,,Cooke K6,4,0,0,1,0,423,2238
Aurolab,Three piece PMMA,_424,118.5,NULL,,Cooke K6,4,0,0,1,0,424,2239
Aurolab,Truedge Aspheric PMMA,_425,118,NULL,,Cooke K6,4,0,0,1,0,425,2240
Aurolab,Anterior chamber IOL,_407,115.3,NULL,,EVO,5,0,0,1,0,407,2241
Aurolab,Auroflex aspheric IOL Hydrophilic,_408,118,NULL,,EVO,5,0,0,1,0,408,2242
Aurolab,Auroflex EV gold Hydrophilic,_409,118,NULL,,EVO,5,0,0,1,0,409,2243
Aurolab,Auroflex EV. Hydrophilic,_410,118,NULL,,EVO,5,0,0,1,0,410,2244
Aurolab,Auroflex toric. Hydrophilic,_411,118,NULL,,EVO,5,0,0,1,0,411,2245
Aurolab,Aurogold PMMA,_412,118.5,NULL,,EVO,5,0,0,1,0,412,2246
Aurolab,Auroped (pediatric PMMA IOL),_413,118.5,NULL,,EVO,5,0,0,1,0,413,2247
Aurolab,Aurovue Dfine Hydrophobic,_414,118.7,NULL,,EVO,5,0,0,1,0,414,2248
Aurolab,Aurovue EV Gold Hydrophobic,_415,118.7,NULL,,EVO,5,0,0,1,0,415,2249
Aurolab,Aurovue EV Hydrophobic,_416,118.7,NULL,,EVO,5,0,0,1,0,416,2250
Aurolab,Aurovue EV Toric Hydrophobic,_417,118.7,NULL,,EVO,5,0,0,1,0,417,2251
Aurolab,Aurovue Hydrophobic monofocal,_418,118.7,NULL,,EVO,5,0,0,1,0,418,2252
Aurolab,Aurovue multipiece preloaded Hydrophobic.,_419,118.4,NULL,,EVO,5,0,0,1,0,419,2253
Aurolab,Aurovue Vivid Hydrophobic,_420,118.7,NULL,,EVO,5,0,0,1,0,420,2254
Aurolab,Low power IOL,_421,117.5,NULL,,EVO,5,0,0,1,0,421,2255
Aurolab,Negative power IOL,_422,117.5,NULL,,EVO,5,0,0,1,0,422,2256
Aurolab,Scleral fixation IOL PMMA,_423,118.5,NULL,,EVO,5,0,0,1,0,423,2257
Aurolab,Three piece PMMA,_424,118.5,NULL,,EVO,5,0,0,1,0,424,2258
Aurolab,Truedge Aspheric PMMA,_425,118,NULL,,EVO,5,0,0,1,0,425,2259
Aurolab,Anterior chamber IOL,_407,115.3,NULL,,Hill-RBF,6,0,0,1,0,407,2260
Aurolab,Auroflex aspheric IOL Hydrophilic,_408,118,NULL,,Hill-RBF,6,0,0,1,0,408,2261
Aurolab,Auroflex EV gold Hydrophilic,_409,118,NULL,,Hill-RBF,6,0,0,1,0,409,2262
Aurolab,Auroflex EV. Hydrophilic,_410,118,NULL,,Hill-RBF,6,0,0,1,0,410,2263
Aurolab,Auroflex toric. Hydrophilic,_411,118,NULL,,Hill-RBF,6,0,0,1,0,411,2264
Aurolab,Aurogold PMMA,_412,118.5,NULL,,Hill-RBF,6,0,0,1,0,412,2265
Aurolab,Auroped (pediatric PMMA IOL),_413,118.5,NULL,,Hill-RBF,6,0,0,1,0,413,2266
Aurolab,Aurovue Dfine Hydrophobic,_414,118.7,NULL,,Hill-RBF,6,0,0,1,0,414,2267
Aurolab,Aurovue EV Gold Hydrophobic,_415,118.7,NULL,,Hill-RBF,6,0,0,1,0,415,2268
Aurolab,Aurovue EV Hydrophobic,_416,118.7,NULL,,Hill-RBF,6,0,0,1,0,416,2269
Aurolab,Aurovue EV Toric Hydrophobic,_417,118.7,NULL,,Hill-RBF,6,0,0,1,0,417,2270
Aurolab,Aurovue Hydrophobic monofocal,_418,118.7,NULL,,Hill-RBF,6,0,0,1,0,418,2271
Aurolab,Aurovue multipiece preloaded Hydrophobic.,_419,118.4,NULL,,Hill-RBF,6,0,0,1,0,419,2272
Aurolab,Aurovue Vivid Hydrophobic,_420,118.7,NULL,,Hill-RBF,6,0,0,1,0,420,2273
Aurolab,Low power IOL,_421,117.5,NULL,,Hill-RBF,6,0,0,1,0,421,2274
Aurolab,Negative power IOL,_422,117.5,NULL,,Hill-RBF,6,0,0,1,0,422,2275
Aurolab,Scleral fixation IOL PMMA,_423,118.5,NULL,,Hill-RBF,6,0,0,1,0,423,2276
Aurolab,Three piece PMMA,_424,118.5,NULL,,Hill-RBF,6,0,0,1,0,424,2277
Aurolab,Truedge Aspheric PMMA,_425,118,NULL,,Hill-RBF,6,0,0,1,0,425,2278
Aurolab,Anterior chamber IOL,_407,115.3,NULL,,Barrett,7,0,0,1,0,407,2279
Aurolab,Auroflex aspheric IOL Hydrophilic,_408,118,NULL,,Barrett,7,0,0,1,0,408,2280
Aurolab,Auroflex EV gold Hydrophilic,_409,118,NULL,,Barrett,7,0,0,1,0,409,2281
Aurolab,Auroflex EV. Hydrophilic,_410,118,NULL,,Barrett,7,0,0,1,0,410,2282
Aurolab,Auroflex toric. Hydrophilic,_411,118,NULL,,Barrett,7,0,0,1,0,411,2283
Aurolab,Aurogold PMMA,_412,118.5,NULL,,Barrett,7,0,0,1,0,412,2284
Aurolab,Auroped (pediatric PMMA IOL),_413,118.5,NULL,,Barrett,7,0,0,1,0,413,2285
Aurolab,Aurovue Dfine Hydrophobic,_414,118.7,NULL,,Barrett,7,0,0,1,0,414,2286
Aurolab,Aurovue EV Gold Hydrophobic,_415,118.7,NULL,,Barrett,7,0,0,1,0,415,2287
Aurolab,Aurovue EV Hydrophobic,_416,118.7,NULL,,Barrett,7,0,0,1,0,416,2288
Aurolab,Aurovue EV Toric Hydrophobic,_417,118.7,NULL,,Barrett,7,0,0,1,0,417,2289
Aurolab,Aurovue Hydrophobic monofocal,_418,118.7,NULL,,Barrett,7,0,0,1,0,418,2290
Aurolab,Aurovue multipiece preloaded Hydrophobic.,_419,118.4,NULL,,Barrett,7,0,0,1,0,419,2291
Aurolab,Aurovue Vivid Hydrophobic,_420,118.7,NULL,,Barrett,7,0,0,1,0,420,2292
Aurolab,Low power IOL,_421,117.5,NULL,,Barrett,7,0,0,1,0,421,2293
Aurolab,Negative power IOL,_422,117.5,NULL,,Barrett,7,0,0,1,0,422,2294
Aurolab,Scleral fixation IOL PMMA,_423,118.5,NULL,,Barrett,7,0,0,1,0,423,2295
Aurolab,Three piece PMMA,_424,118.5,NULL,,Barrett,7,0,0,1,0,424,2296
Aurolab,Truedge Aspheric PMMA,_425,118,NULL,,Barrett,7,0,0,1,0,425,2297
Bausch + Lomb,LuxGood,1799,119.24,NULL,,Kane,2,0,0,1,0,170,2298
Bausch + Lomb,LuxSmart,1171,118.45,NULL,,Kane,2,0,0,1,0,172,2299
Bausch + Lomb,enVista enhanced (MX60E),1834,119.31,NULL,,Kane,2,0,0,1,0,245,2300
Bausch + Lomb,enVista,197,119.31,NULL,,Kane,2,0,0,1,0,165,2302
Bausch + Lomb,enVista toric,196,119.25,NULL,,Kane,2,0,0,1,0,246,2303
Bausch + Lomb,enVista toric,196,NULL,5.61,,Hoffer®QST,3,0,0,1,0,246,2304
Alcon,AcrySof SN6AT (2-9),875,NULL,5.9,,Hoffer®QST,3,0,0,1,0,260,2305
Johnson and Johnson Vision,DFW (CE approved),1625,NULL,5.7,,Hoffer®QST,3,0,0,1,0,364,2306
Johnson and Johnson Vision,DIU,1740,NULL,5.7,,Hoffer®QST,3,0,0,1,0,367,2307
Bausch + Lomb,Luxmart Toric,2269,NULL,5.23,,Hoffer®QST,3,0,0,1,0,426,2308
Hoya,XY1-GT / XY1-GPT,2320,NULL,5.64,,Hoffer®QST,3,0,0,1,0,428,2310
Hoya,XY1A,561,NULL,5.721,,Hoffer®QST,3,0,0,1,0,429,2311
Hoya,XY1A-SP,1801,NULL,5.721,,Hoffer®QST,3,0,0,1,0,430,2312
Kowa,CP2.2,799,NULL,5.62,,Hoffer®QST,3,0,0,1,0,431,2313
Kowa,CP2.2R,801,NULL,5.62,,Hoffer®QST,3,0,0,1,0,432,2314
Medicontur,Bi-Flex 677TA,1058,NULL,5.431,,Hoffer®QST,3,0,0,1,0,295,2315
Medicontur,Bi-Flex 677TAY,1059,NULL,5.431,,Hoffer®QST,3,0,0,1,0,296,2316
Medicontur,Liberty Toric 677MTY,1088,NULL,5.431,,Hoffer®QST,3,0,0,1,0,292,2317
PhysIOL,POD F Toric,929,NULL,5.59,,Hoffer®QST,3,0,0,1,0,328,2318
PhysIOL,PODEYE TORIC,1747,NULL,5.85,,Hoffer®QST,3,0,0,1,0,330,2319
Rayner,RayOne EMV Toric,2326,NULL,5.32,,Hoffer®QST,3,0,0,1,0,438,2320
Rayner,RayOne Toric,919,NULL,5.32,,Hoffer®QST,3,0,0,1,0,439,2321
Rayner,RayOne Trifocal Toric,1076,NULL,5.32,,Hoffer®QST,3,0,0,1,0,440,2322
SIFI,MINI Toric Ready,1155,NULL,5.38,,Hoffer®QST,3,0,0,1,0,264,2323
SIFI,MINI WELL Toric Ready,1143,NULL,5.426,,Hoffer®QST,3,0,0,1,0,265,2324
ZEISS,AT LARA toric 929M/MP,1860,NULL,5.07,,Hoffer®QST,3,0,0,1,0,251,2325
ZEISS,CT ASPHINA 409M,998,117.95,NULL,"{""iolModel"":""Asphina""}",Pearl DGS,1,0,0,1,0,232,2326
ZEISS,CT ASPHINA 409MP,999,117.95,NULL,"{""iolModel"":""Asphina""}",Pearl DGS,1,0,0,1,0,233,2327
SIFI,MINI Toric Ready,1155,118.88,NULL,,Pearl DGS,1,0,0,1,0,264,2328
SIFI,MINI WELL Toric Ready,1143,118.74,NULL,,Pearl DGS,1,0,0,1,0,265,2329
SIFI,Mini WELL Proxa,1755,118.36,NULL,,Kane,2,0,0,1,0,228,2330
SIFI,MINI WELL Ready,1156,118.52,NULL,,Kane,2,0,0,1,0,229,2331
Johnson and Johnson Vision,PCB00,578,119.3,NULL,.,Kane,2,0,0,1,0,280,2332
Johnson and Johnson Vision,DCB00,1630,119.3,NULL,"{""iolModel"":""PCB""}",Pearl DGS,1,0,0,1,0,365,2333
Johnson and Johnson Vision,PCB00,578,NULL,5.8,,Hoffer®QST,3,0,0,1,0,280,2334
Johnson and Johnson Vision,DCB00,1630,NULL,5.6,,Hoffer®QST,3,0,0,1,0,365,2335
Johnson and Johnson Vision,ZCB00,696,119.3,NULL,"{""iolPowers"":[{""From"":5.0,""To"":34.0,""By"":0.5}],""iolModel"":""JAndJ1PieceTecnisOrSensar""}",Cooke K6,4,0,0,1,0,195,2336
Johnson and Johnson Vision,PCB00,578,119.3,NULL,"{""iolPowers"":[{""From"":5.0,""To"":34.0,""By"":0.5}],""iolModel"":""JAndJ1PieceTecnisOrSensar""}",Cooke K6,4,0,0,1,0,280,2337
Johnson and Johnson Vision,DCB00,1630,119.34,NULL,,Hill-RBF,6,0,0,1,0,365,2338
Johnson and Johnson Vision,PCB00,578,119.39,NULL,,Barrett,7,0,0,1,0,280,2339
Johnson and Johnson Vision,DCB00,1630,119.39,NULL,,Barrett,7,0,0,1,0,365,2340
Johnson and Johnson Vision,DFR00V,1631,119.3,NULL,,Kane,2,0,0,1,0,366,2341
Johnson and Johnson Vision,ZFR00V,1089,NULL,5.7,,Hoffer®QST,3,0,0,1,0,198,2342
Johnson and Johnson Vision,ZFR00V,1089,119.3,NULL,"{""iolPowers"":[{""From"":5.0,""To"":34.0,""By"":0.5}],""iolModel"":""JAndJ1PieceTecnisOrSensar""}",Cooke K6,4,0,0,1,0,198,2343
Johnson and Johnson Vision,DFR00V,1631,119.3,NULL,,EVO,5,0,0,1,0,366,2344
Johnson and Johnson Vision,ZFR00V,1089,119.3,NULL,,Hill-RBF,6,0,0,1,0,198,2345
Johnson and Johnson Vision,DFR00V,1631,119.3,NULL,,Barrett,7,0,0,1,0,366,2346
Johnson and Johnson Vision,ICB00,1039,119.3,NULL,"{""iolPowers"":[{""From"":5.0,""To"":34.0,""By"":0.5}],""iolModel"":""JAndJ1PieceTecnisOrSensar""}",Cooke K6,4,0,0,1,0,193,2347
Bausch + Lomb,LuxSmart,1171,118.45,NULL,"{""iolModel"":""LuxSmart""}",EVO,5,0,0,1,0,172,2348
Bausch + Lomb,Luxmart Toric,2269,118.45,NULL,,EVO,5,0,0,1,0,426,2349
SIFI,MINI WELL Ready,1156,118.44,NULL,,Barrett,7,0,0,1,0,229,2350
SIFI,MINI WELL Ready,1156,118.53,NULL,,EVO,5,0,0,1,0,229,2351
SIFI,Mini WELL Proxa,1755,118.23,NULL,,Barrett,7,0,0,1,0,228,2352
SIFI,Mini WELL Proxa,1755,118.35,NULL,,EVO,5,0,0,1,0,228,2353
SIFI,Evolux,2296,NULL,5.11,,Hoffer®QST,3,0,0,1,0,444,2354
SIFI,Evolux,2296,118.14,NULL,,Barrett,7,0,0,1,0,444,2355
SIFI,Evolux,2296,118.17,NULL,,Kane,2,0,0,1,0,444,2356
SIFI,Evolux,2296,118.28,NULL,,EVO,5,0,0,1,0,444,2357
Bausch + Lomb,Luxmart Toric,2269,118.45,NULL,,Kane,9,1,0,0,0,426,2358
SIFI,MINI Toric Ready,1155,118.88,NULL,,Barrett,8,1,0,0,0,264,2359
SIFI,MINI WELL Toric Ready,1143,118.74,NULL,,Barrett,8,1,0,0,0,265,2360
Alcon,AcrySof MA60MA (+D),886,119.24,NULL,,Kane,9,1,0,0,0,140,2361
Alcon,AcrySof MA60MA (-D),887,119.24,NULL,,Kane,9,1,0,0,0,141,2362
Alcon,AcrySof MN60MA (+D),884,119.24,NULL,,Kane,9,1,0,0,0,142,2363
Alcon,AcrySof MN60MA (-D),885,119.24,NULL,,Kane,9,1,0,0,0,143,2364
Johnson and Johnson Vision,AR40e,700,118.7,NULL,,Kane,9,1,0,0,0,145,2365
Alcon,AcrySof SA60AT,879,118.7,NULL,,Kane,9,1,0,0,0,156,2366
Alcon,AcrySof SA60WF,868,118.98,NULL,,Kane,9,1,0,0,0,157,2367
Alcon,AcrySof SN60AT,878,118.7,NULL,,Kane,9,1,0,0,0,158,2368
Alcon,AcrySof SN60WF,867,118.98,NULL,,Kane,9,1,0,0,0,159,2369
Bausch + Lomb,enVista,197,119.31,NULL,,Kane,9,1,0,0,0,165,2370
Bausch + Lomb,LuxGood,1799,119.24,NULL,,Kane,9,1,0,0,0,170,2371
Bausch + Lomb,LuxSmart,1171,118.45,NULL,,Kane,9,1,0,0,0,172,2372
Johnson and Johnson Vision,ZCB00,696,119.36,NULL,,Kane,9,1,0,0,0,195,2373
Johnson and Johnson Vision,ZCT,635,119.36,NULL,,Kane,9,1,0,0,0,197,2374
Johnson and Johnson Vision,ZFR00V,1089,119.3,NULL,,Kane,9,1,0,0,0,198,2375
SIFI,Mini WELL Proxa,1755,118.36,NULL,,Kane,9,1,0,0,0,228,2376
SIFI,MINI WELL Ready,1156,118.52,NULL,,Kane,9,1,0,0,0,229,2377
ZEISS,CT ASPHINA 409M,998,118.34,NULL,,Kane,9,1,0,0,0,232,2378
ZEISS,CT ASPHINA 409MP,999,118.34,NULL,,Kane,9,1,0,0,0,233,2379
Bausch + Lomb,enVista enhanced (MX60E),1834,119.31,NULL,,Kane,9,1,0,0,0,245,2380
Bausch + Lomb,enVista toric,196,119.25,NULL,,Kane,9,1,0,0,0,246,2381
Ophthalmo Pro,Primus-HD Toric,_258,119.2,NULL,,Kane,9,1,0,0,0,258,2382
Alcon,AcrySof SA6AT (2-9),1050,119.28,NULL,,Kane,9,1,0,0,0,259,2383
Alcon,AcrySof SN6AT (2-9),875,119.28,NULL,,Kane,9,1,0,0,0,260,2384
Alcon,AcrySof SND1T (2-6),874,119.35,NULL,,Kane,9,1,0,0,0,261,2385
HumanOptics,TORICA-aA,149,118.3,NULL,,Kane,9,1,0,0,0,262,2386
HumanOptics,TORICA-aAY,150,118.3,NULL,,Kane,9,1,0,0,0,263,2387
SIFI,MINI Toric Ready,1155,118.94,NULL,,Kane,9,1,0,0,0,264,2388
SIFI,MINI WELL Toric Ready,1143,118.72,NULL,,Kane,9,1,0,0,0,265,2389
Alcon,AcrySof SV25T0,869,119.49,NULL,,Kane,9,1,0,0,0,268,2390
Alcon,AcrySof SV25T (2-6),873,119.49,NULL,,Kane,9,1,0,0,0,269,2391
Johnson and Johnson Vision,PCB00,578,119.3,NULL,.,Kane,9,1,0,0,0,280,2392
Johnson and Johnson Vision,ZA9002,_362,118.8,NULL,,Kane,9,1,0,0,0,362,2393
Johnson and Johnson Vision,DCB00,1630,119.3,NULL,,Kane,9,1,0,0,0,365,2394
Johnson and Johnson Vision,DFR00V,1631,119.3,NULL,,Kane,9,1,0,0,0,366,2395
Aurolab,Anterior chamber IOL,_407,115.3,NULL,,Kane,9,1,0,0,0,407,2396
Aurolab,Auroflex aspheric IOL Hydrophilic,_408,118,NULL,,Kane,9,1,0,0,0,408,2397
Aurolab,Auroflex EV gold Hydrophilic,_409,118,NULL,,Kane,9,1,0,0,0,409,2398
Aurolab,Auroflex EV. Hydrophilic,_410,118,NULL,,Kane,9,1,0,0,0,410,2399
Aurolab,Auroflex toric. Hydrophilic,_411,118,NULL,,Kane,9,1,0,0,0,411,2400
Aurolab,Aurogold PMMA,_412,118.5,NULL,,Kane,9,1,0,0,0,412,2401
Aurolab,Auroped (pediatric PMMA IOL),_413,118.5,NULL,,Kane,9,1,0,0,0,413,2402
Aurolab,Aurovue Dfine Hydrophobic,_414,118.7,NULL,,Kane,9,1,0,0,0,414,2403
Aurolab,Aurovue EV Gold Hydrophobic,_415,118.7,NULL,,Kane,9,1,0,0,0,415,2404
Aurolab,Aurovue EV Hydrophobic,_416,118.7,NULL,,Kane,9,1,0,0,0,416,2405
Aurolab,Aurovue EV Toric Hydrophobic,_417,118.7,NULL,,Kane,9,1,0,0,0,417,2406
Aurolab,Aurovue Hydrophobic monofocal,_418,118.7,NULL,,Kane,9,1,0,0,0,418,2407
Aurolab,Aurovue multipiece preloaded Hydrophobic.,_419,118.4,NULL,,Kane,9,1,0,0,0,419,2408
Aurolab,Aurovue Vivid Hydrophobic,_420,118.7,NULL,,Kane,9,1,0,0,0,420,2409
Aurolab,Low power IOL,_421,117.5,NULL,,Kane,9,1,0,0,0,421,2410
Aurolab,Negative power IOL,_422,117.5,NULL,,Kane,9,1,0,0,0,422,2411
Aurolab,Scleral fixation IOL PMMA,_423,118.5,NULL,,Kane,9,1,0,0,0,423,2412
Aurolab,Three piece PMMA,_424,118.5,NULL,,Kane,9,1,0,0,0,424,2413
Aurolab,Truedge Aspheric PMMA,_425,118,NULL,,Kane,9,1,0,0,0,425,2414
SIFI,Evolux,2296,118.17,NULL,,Kane,9,1,0,0,0,444,2415
Alcon,AcrySof MA60MA (+D),886,119.24,NULL,,Kane (KC),13,0,1,0,0,140,2416
Alcon,AcrySof MA60MA (-D),887,119.24,NULL,,Kane (KC),13,0,1,0,0,141,2417
Alcon,AcrySof MN60MA (+D),884,119.24,NULL,,Kane (KC),13,0,1,0,0,142,2418
Alcon,AcrySof MN60MA (-D),885,119.24,NULL,,Kane (KC),13,0,1,0,0,143,2419
Johnson and Johnson Vision,AR40e,700,118.7,NULL,,Kane (KC),13,0,1,0,0,145,2420
Alcon,AcrySof SA60AT,879,118.7,NULL,,Kane (KC),13,0,1,0,0,156,2421
Alcon,AcrySof SA60WF,868,118.98,NULL,,Kane (KC),13,0,1,0,0,157,2422
Alcon,AcrySof SN60AT,878,118.7,NULL,,Kane (KC),13,0,1,0,0,158,2423
Alcon,AcrySof SN60WF,867,118.98,NULL,,Kane (KC),13,0,1,0,0,159,2424
Bausch + Lomb,enVista,197,119.31,NULL,,Kane (KC),13,0,1,0,0,165,2425
Bausch + Lomb,LuxGood,1799,119.24,NULL,,Kane (KC),13,0,1,0,0,170,2426
Bausch + Lomb,LuxSmart,1171,118.45,NULL,,Kane (KC),13,0,1,0,0,172,2427
Johnson and Johnson Vision,ZCB00,696,119.36,NULL,,Kane (KC),13,0,1,0,0,195,2428
Johnson and Johnson Vision,ZCT,635,119.36,NULL,,Kane (KC),13,0,1,0,0,197,2429
Johnson and Johnson Vision,ZFR00V,1089,119.3,NULL,,Kane (KC),13,0,1,0,0,198,2430
SIFI,Mini WELL Proxa,1755,118.36,NULL,,Kane (KC),13,0,1,0,0,228,2431
SIFI,MINI WELL Ready,1156,118.52,NULL,,Kane (KC),13,0,1,0,0,229,2432
ZEISS,CT ASPHINA 409M,998,118.34,NULL,,Kane (KC),13,0,1,0,0,232,2433
ZEISS,CT ASPHINA 409MP,999,118.34,NULL,,Kane (KC),13,0,1,0,0,233,2434
Bausch + Lomb,enVista enhanced (MX60E),1834,119.31,NULL,,Kane (KC),13,0,1,0,0,245,2435
Bausch + Lomb,enVista toric,196,119.25,NULL,,Kane (KC),13,0,1,0,0,246,2436
Ophthalmo Pro,Primus-HD Toric,_258,119.2,NULL,,Kane (KC),13,0,1,0,0,258,2437
Alcon,AcrySof SA6AT (2-9),1050,119.28,NULL,,Kane (KC),13,0,1,0,0,259,2438
Alcon,AcrySof SN6AT (2-9),875,119.28,NULL,,Kane (KC),13,0,1,0,0,260,2439
Alcon,AcrySof SND1T (2-6),874,119.35,NULL,,Kane (KC),13,0,1,0,0,261,2440
HumanOptics,TORICA-aA,149,118.3,NULL,,Kane (KC),13,0,1,0,0,262,2441
HumanOptics,TORICA-aAY,150,118.3,NULL,,Kane (KC),13,0,1,0,0,263,2442
SIFI,MINI Toric Ready,1155,118.94,NULL,,Kane (KC),13,0,1,0,0,264,2443
SIFI,MINI WELL Toric Ready,1143,118.72,NULL,,Kane (KC),13,0,1,0,0,265,2444
Alcon,AcrySof SV25T0,869,119.49,NULL,,Kane (KC),13,0,1,0,0,268,2445
Alcon,AcrySof SV25T (2-6),873,119.49,NULL,,Kane (KC),13,0,1,0,0,269,2446
Johnson and Johnson Vision,PCB00,578,119.3,NULL,.,Kane (KC),13,0,1,0,0,280,2447
Johnson and Johnson Vision,ZA9002,_362,118.8,NULL,,Kane (KC),13,0,1,0,0,362,2448
Johnson and Johnson Vision,DCB00,1630,119.3,NULL,,Kane (KC),13,0,1,0,0,365,2449
Johnson and Johnson Vision,DFR00V,1631,119.3,NULL,,Kane (KC),13,0,1,0,0,366,2450
Aurolab,Anterior chamber IOL,_407,115.3,NULL,,Kane (KC),13,0,1,0,0,407,2451
Aurolab,Auroflex aspheric IOL Hydrophilic,_408,118,NULL,,Kane (KC),13,0,1,0,0,408,2452
Aurolab,Auroflex EV gold Hydrophilic,_409,118,NULL,,Kane (KC),13,0,1,0,0,409,2453
Aurolab,Auroflex EV. Hydrophilic,_410,118,NULL,,Kane (KC),13,0,1,0,0,410,2454
Aurolab,Auroflex toric. Hydrophilic,_411,118,NULL,,Kane (KC),13,0,1,0,0,411,2455
Aurolab,Aurogold PMMA,_412,118.5,NULL,,Kane (KC),13,0,1,0,0,412,2456
Aurolab,Auroped (pediatric PMMA IOL),_413,118.5,NULL,,Kane (KC),13,0,1,0,0,413,2457
Aurolab,Aurovue Dfine Hydrophobic,_414,118.7,NULL,,Kane (KC),13,0,1,0,0,414,2458
Aurolab,Aurovue EV Gold Hydrophobic,_415,118.7,NULL,,Kane (KC),13,0,1,0,0,415,2459
Aurolab,Aurovue EV Hydrophobic,_416,118.7,NULL,,Kane (KC),13,0,1,0,0,416,2460
Aurolab,Aurovue EV Toric Hydrophobic,_417,118.7,NULL,,Kane (KC),13,0,1,0,0,417,2461
Aurolab,Aurovue Hydrophobic monofocal,_418,118.7,NULL,,Kane (KC),13,0,1,0,0,418,2462
Aurolab,Aurovue multipiece preloaded Hydrophobic.,_419,118.4,NULL,,Kane (KC),13,0,1,0,0,419,2463
Aurolab,Aurovue Vivid Hydrophobic,_420,118.7,NULL,,Kane (KC),13,0,1,0,0,420,2464
Aurolab,Low power IOL,_421,117.5,NULL,,Kane (KC),13,0,1,0,0,421,2465
Aurolab,Negative power IOL,_422,117.5,NULL,,Kane (KC),13,0,1,0,0,422,2466
Aurolab,Scleral fixation IOL PMMA,_423,118.5,NULL,,Kane (KC),13,0,1,0,0,423,2467
Aurolab,Three piece PMMA,_424,118.5,NULL,,Kane (KC),13,0,1,0,0,424,2468
Aurolab,Truedge Aspheric PMMA,_425,118,NULL,,Kane (KC),13,0,1,0,0,425,2469
Bausch + Lomb,Luxmart Toric,2269,118.45,NULL,,Kane (KC),13,0,1,0,0,426,2470
SIFI,Evolux,2296,118.17,NULL,,Kane (KC),13,0,1,0,0,444,2472
Alcon,AcrySof MA60MA (+D),886,NULL,5.8,"{""iolModel"":""MA60MA""}",Hoffer®QST,10,1,0,0,0,140,2473
Alcon,AcrySof MA60MA (-D),887,NULL,5.8,"{""iolModel"":""MA60MA""}",Hoffer®QST,10,1,0,0,0,141,2474
Alcon,AcrySof MN60MA (+D),884,NULL,5.8,"{""iolModel"":""MA60MA""}",Hoffer®QST,10,1,0,0,0,142,2475
Alcon,AcrySof MN60MA (-D),885,NULL,5.8,"{""iolModel"":""MA60MA""}",Hoffer®QST,10,1,0,0,0,143,2476
Johnson and Johnson Vision,AR40E,699,NULL,5.41,"{""iolModel"":""AR40e/E/M""}",Hoffer®QST,10,1,0,0,0,144,2477
Johnson and Johnson Vision,AR40e,700,NULL,5.39,"{""iolModel"":""AR40e/E/M""}",Hoffer®QST,10,1,0,0,0,145,2478
Johnson and Johnson Vision,AR40M,698,NULL,5.41,"{""iolModel"":""AR40e/E/M""}",Hoffer®QST,10,1,0,0,0,146,2479
Soleko,Evolve,_147,NULL,5.33,,Hoffer®QST,10,1,0,0,0,147,2480
Soleko,FIL 611,_148,NULL,5.6,,Hoffer®QST,10,1,0,0,0,148,2481
Soleko,FIL SSF (sutureless scleral fixation),_149,NULL,5.48,,Hoffer®QST,10,1,0,0,0,149,2482
Soleko,FO 610 (hydrophobic),_150,NULL,6.1,,Hoffer®QST,10,1,0,0,0,150,2483
Soleko,Optofobic 2.0 (hydrophobic 2nd gen.),_151,NULL,5.99,,Hoffer®QST,10,1,0,0,0,151,2484
Alcon,AcrySof IQ Vivity DFT015,1157,NULL,5.644,"{""iolModel"":""Vivity""}",Hoffer®QST,10,1,0,0,0,152,2485
Alcon,AcrySof IQ Vivity Toric DFT (2-6)15,1158,NULL,5.7,,Hoffer®QST,10,1,0,0,0,153,2486
Alcon,AcrySof MA60AC,882,NULL,5.67,,Hoffer®QST,10,1,0,0,0,154,2487
Alcon,AcrySof MN60AC,881,NULL,5.67,,Hoffer®QST,10,1,0,0,0,155,2488
Alcon,AcrySof SA60AT,879,NULL,5.38,"{""iolModel"":""SA60AT""}",Hoffer®QST,10,1,0,0,0,156,2489
Alcon,AcrySof SA60WF,868,NULL,5.67,"{""iolModel"":""SA60WF""}",Hoffer®QST,10,1,0,0,0,157,2490
Alcon,AcrySof SN60AT,878,NULL,5.38,,Hoffer®QST,10,1,0,0,0,158,2491
Alcon,AcrySof SN60WF,867,NULL,5.67,"{""iolModel"":""SN60WF""}",Hoffer®QST,10,1,0,0,0,159,2492
Alcon,AcrySof TFNT (20-60),872,NULL,5.83,,Hoffer®QST,10,1,0,0,0,160,2493
Alcon,AcrySof TFNT00,871,NULL,5.77,,Hoffer®QST,10,1,0,0,0,161,2494
Alcon,Clareon CNA0T0,890,NULL,5.76,"{""iolModel"":""CNA0T0""}",Hoffer®QST,10,1,0,0,0,162,2495
Bausch + Lomb,Akreos Adapt AO,190,NULL,5.18,,Hoffer®QST,10,1,0,0,0,163,2496
Bausch + Lomb,Akreos MICS,189,NULL,5.61,,Hoffer®QST,10,1,0,0,0,164,2497
Bausch + Lomb,enVista,197,NULL,5.68,,Hoffer®QST,10,1,0,0,0,165,2498
Bausch + Lomb,EyeCee One,200,NULL,6,,Hoffer®QST,10,1,0,0,0,166,2499
Bausch + Lomb,EyeCee One CRYSTAL,723,NULL,6,,Hoffer®QST,10,1,0,0,0,167,2500
Bausch + Lomb,EyeCee One CRYSTAL Preloaded,722,NULL,6,,Hoffer®QST,10,1,0,0,0,168,2501
Bausch + Lomb,EyeCee One Preloaded,199,NULL,6,,Hoffer®QST,10,1,0,0,0,169,2502
Bausch + Lomb,LuxGood,1799,NULL,5.67,"{""iolModel"":""LuxGood""}",Hoffer®QST,10,1,0,0,0,170,2503
Bausch + Lomb,LuxGood crystal,1800,NULL,5.67,,Hoffer®QST,10,1,0,0,0,171,2504
Bausch + Lomb,LuxSmart,1171,NULL,5.23,"{""iolModel"":""LuxSmart""}",Hoffer®QST,10,1,0,0,0,172,2505
Bausch + Lomb,LuxSmart crystal,1172,NULL,5.23,,Hoffer®QST,10,1,0,0,0,173,2506
Hoya,150,130,NULL,5.3,,Hoffer®QST,10,1,0,0,0,174,2507
Hoya,151,131,NULL,5.3,,Hoffer®QST,10,1,0,0,0,175,2508
Hoya,250,129,NULL,5.3,,Hoffer®QST,10,1,0,0,0,176,2509
Hoya,251,128,NULL,5.3,,Hoffer®QST,10,1,0,0,0,177,2510
Hoya,254,126,NULL,5.3,,Hoffer®QST,10,1,0,0,0,178,2511
Hoya,255,127,NULL,5.3,,Hoffer®QST,10,1,0,0,0,179,2512
Hoya,NC1-SP,1164,NULL,5.715,,Hoffer®QST,10,1,0,0,0,180,2513
Hoya,NY1-SP,1802,NULL,5.715,,Hoffer®QST,10,1,0,0,0,181,2514
Hoya,PC-60AD,133,NULL,5.3,,Hoffer®QST,10,1,0,0,0,182,2515
Hoya,PC-60R,134,NULL,5.24,,Hoffer®QST,10,1,0,0,0,183,2516
Hoya,PY-60AD,132,NULL,5.3,,Hoffer®QST,10,1,0,0,0,184,2517
Hoya,VA-60BB,138,NULL,5.32,,Hoffer®QST,10,1,0,0,0,185,2518
Hoya,XC1,125,NULL,5.721,,Hoffer®QST,10,1,0,0,0,186,2519
Hoya,XC1-SP,940,NULL,5.721,,Hoffer®QST,10,1,0,0,0,187,2520
Hoya,XY1,117,NULL,5.721,,Hoffer®QST,10,1,0,0,0,188,2521
Hoya,XY1-SP,941,NULL,5.721,,Hoffer®QST,10,1,0,0,0,189,2522
Hoya,YA-60BB,137,NULL,5.5,,Hoffer®QST,10,1,0,0,0,190,2523
Johnson and Johnson Vision,AAB00,576,NULL,5.56,,Hoffer®QST,10,1,0,0,0,191,2524
Johnson and Johnson Vision,DIB00,1117,NULL,5.77,,Hoffer®QST,10,1,0,0,0,192,2525
Johnson and Johnson Vision,ICB00,1039,NULL,5.77,"{""iolModel"":""ICB00""}",Hoffer®QST,10,1,0,0,0,193,2526
Johnson and Johnson Vision,ZA9003,577,NULL,5.61,,Hoffer®QST,10,1,0,0,0,194,2527
Johnson and Johnson Vision,ZCB00,696,NULL,5.8,"{""iolModel"":""ZCB00""}",Hoffer®QST,10,1,0,0,0,195,2528
Johnson and Johnson Vision,ZCB00V,697,NULL,5.7,,Hoffer®QST,10,1,0,0,0,196,2529
Johnson and Johnson Vision,ZCT,635,NULL,5.7,,Hoffer®QST,10,1,0,0,0,197,2530
Johnson and Johnson Vision,ZFR00V,1089,NULL,5.7,"{""iolModel"":""Synergy""}",Hoffer®QST,10,1,0,0,0,198,2531
Johnson and Johnson Vision,ZFW,1626,NULL,5.7,,Hoffer®QST,10,1,0,0,0,199,2532
Johnson and Johnson Vision,ZKB00,645,NULL,5.7,,Hoffer®QST,10,1,0,0,0,200,2533
Johnson and Johnson Vision,ZKU,1167,NULL,5.72,,Hoffer®QST,10,1,0,0,0,201,2534
Johnson and Johnson Vision,ZLB00,646,NULL,5.7,,Hoffer®QST,10,1,0,0,0,202,2535
Johnson and Johnson Vision,ZLU,1168,NULL,5.72,,Hoffer®QST,10,1,0,0,0,203,2536
Johnson and Johnson Vision,ZMB00,647,NULL,5.7,,Hoffer®QST,10,1,0,0,0,204,2537
Johnson and Johnson Vision,ZXR00,687,NULL,5.59,,Hoffer®QST,10,1,0,0,0,205,2538
Johnson and Johnson Vision,ZXR00V,1679,NULL,5.59,,Hoffer®QST,10,1,0,0,0,206,2539
Johnson and Johnson Vision,ZXT,688,NULL,5.7,,Hoffer®QST,10,1,0,0,0,207,2540
Johnson and Johnson Vision,ZXW,1675,NULL,5.7,,Hoffer®QST,10,1,0,0,0,208,2541
Medicontur,Bi-Flex 677AD,1749,NULL,5.431,,Hoffer®QST,10,1,0,0,0,209,2542
Medicontur,Bi-Flex 677ADY,1750,NULL,5.431,,Hoffer®QST,10,1,0,0,0,210,2543
Medicontur,Bi-Flex PILMA 677P,1057,NULL,5.431,,Hoffer®QST,10,1,0,0,0,211,2544
Medicontur,Bi-Flex PILMA 677PY,1051,NULL,5.431,,Hoffer®QST,10,1,0,0,0,212,2545
Medicontur,Liberty 677MY,1060,NULL,5.431,,Hoffer®QST,10,1,0,0,0,213,2546
Medicontur,Liberty 677PMY,1061,NULL,5.431,,Hoffer®QST,10,1,0,0,0,214,2547
Medicontur,Q-Flex 640AD,1751,NULL,5.46,,Hoffer®QST,10,1,0,0,0,215,2548
Medicontur,Q-Flex 640ADY,1752,NULL,5.46,,Hoffer®QST,10,1,0,0,0,216,2549
Medicontur,Q-Flex 640P,1056,NULL,5.46,,Hoffer®QST,10,1,0,0,0,217,2550
Medicontur,Q-Flex 640PY,1055,NULL,5.46,,Hoffer®QST,10,1,0,0,0,218,2551
PhysIOL,ISOPURE 123,1627,NULL,5.85,,Hoffer®QST,10,1,0,0,0,219,2552
PhysIOL,Micropure 123,926,NULL,5.85,,Hoffer®QST,10,1,0,0,0,220,2553
PhysIOL,POD F GF,933,NULL,5.85,,Hoffer®QST,10,1,0,0,0,221,2554
PhysIOL,PODeye,925,NULL,5.85,,Hoffer®QST,10,1,0,0,0,222,2555
Rayner,RayOne Aspheric,891,NULL,5.32,,Hoffer®QST,10,1,0,0,0,223,2556
Rayner,RayOne EMV,1721,NULL,5.32,"{""iolModel"":""EMV""}",Hoffer®QST,10,1,0,0,0,224,2557
Rayner,RayOne Hydrophobic,918,NULL,5.58,,Hoffer®QST,10,1,0,0,0,225,2558
Rayner,RayOne Spheric,892,NULL,5.32,,Hoffer®QST,10,1,0,0,0,226,2559
Rayner,RayOne Trifocal,893,NULL,5.32,,Hoffer®QST,10,1,0,0,0,227,2560
SIFI,Mini WELL Proxa,1755,NULL,5.21,,Hoffer®QST,10,1,0,0,0,228,2561
SIFI,MINI WELL Ready,1156,NULL,5.32,,Hoffer®QST,10,1,0,0,0,229,2562
ZEISS,AT LARA 829MP,978,NULL,5.02,"{""iolModel"":""829MP""}",Hoffer®QST,10,1,0,0,0,230,2563
ZEISS,AT LISA tri 839MP,985,NULL,5.347,"{""iolModel"":""839MP""}",Hoffer®QST,10,1,0,0,0,231,2564
ZEISS,CT ASPHINA 409M,998,NULL,5.179,"{""iolModel"":""409M/MP""}",Hoffer®QST,10,1,0,0,0,232,2565
ZEISS,CT ASPHINA 409MP,999,NULL,5.179,"{""iolModel"":""409M/MP""}",Hoffer®QST,10,1,0,0,0,233,2566
ZEISS,CT ASPHINA 509M,1001,NULL,4.911,,Hoffer®QST,10,1,0,0,0,234,2567
ZEISS,CT ASPHINA 509MP,1003,NULL,4.911,,Hoffer®QST,10,1,0,0,0,235,2568
ZEISS,CT LUCIA 211P,1008,NULL,6.308,,Hoffer®QST,10,1,0,0,0,236,2569
ZEISS,CT LUCIA 211PY,1009,NULL,6.308,,Hoffer®QST,10,1,0,0,0,237,2570
ZEISS,CT LUCIA 221P,1139,NULL,6.29,,Hoffer®QST,10,1,0,0,0,238,2571
ZEISS,CT LUCIA 611P,1013,NULL,6.27,,Hoffer®QST,10,1,0,0,0,239,2572
ZEISS,CT LUCIA 611PY,1014,NULL,6.27,,Hoffer®QST,10,1,0,0,0,240,2573
ZEISS,CT LUCIA 621P,1137,NULL,6.073,"{""iolModel"":""409M/MP""}",Hoffer®QST,10,1,0,0,0,241,2574
ZEISS,CT LUCIA 621PY,1138,NULL,6.073,"{""iolModel"":""409M/MP""}",Hoffer®QST,10,1,0,0,0,242,2575
ZEISS,CT SPHERIS 209M,1017,NULL,5.16,,Hoffer®QST,10,1,0,0,0,243,2576
Bausch + Lomb,enVista toric,196,NULL,5.61,,Hoffer®QST,10,1,0,0,0,246,2577
ZEISS,AT LARA toric 929M/MP,1860,NULL,5.07,,Hoffer®QST,10,1,0,0,0,251,2579
Alcon,AcrySof SN6AT (2-9),875,NULL,5.9,,Hoffer®QST,10,1,0,0,0,260,2580
SIFI,MINI Toric Ready,1155,NULL,5.38,,Hoffer®QST,10,1,0,0,0,264,2581
SIFI,MINI WELL Toric Ready,1143,NULL,5.426,,Hoffer®QST,10,1,0,0,0,265,2582
Johnson and Johnson Vision,PCB00,578,NULL,5.8,,Hoffer®QST,10,1,0,0,0,280,2583
Medicontur,Liberty Toric 677MTY,1088,NULL,5.431,,Hoffer®QST,10,1,0,0,0,292,2584
Medicontur,Bi-Flex 677TA,1058,NULL,5.431,,Hoffer®QST,10,1,0,0,0,295,2585
Medicontur,Bi-Flex 677TAY,1059,NULL,5.431,,Hoffer®QST,10,1,0,0,0,296,2586
PhysIOL,POD F Toric,929,NULL,5.59,,Hoffer®QST,10,1,0,0,0,328,2587
PhysIOL,PODEYE TORIC,1747,NULL,5.85,,Hoffer®QST,10,1,0,0,0,330,2588
Johnson and Johnson Vision,ZA9002,_362,118.8,NULL,,Hoffer®QST,10,1,0,0,0,362,2589
Johnson and Johnson Vision,DFW (CE approved),1625,NULL,5.7,,Hoffer®QST,10,1,0,0,0,364,2590
Johnson and Johnson Vision,DCB00,1630,NULL,5.6,,Hoffer®QST,10,1,0,0,0,365,2591
Johnson and Johnson Vision,DFR00V,1631,NULL,5.7,,Hoffer®QST,10,1,0,0,0,366,2592
Johnson and Johnson Vision,DIU,1740,NULL,5.7,,Hoffer®QST,10,1,0,0,0,367,2593
Aurolab,Anterior chamber IOL,_407,115.3,NULL,,Hoffer®QST,10,1,0,0,0,407,2594
Aurolab,Auroflex aspheric IOL Hydrophilic,_408,118,NULL,,Hoffer®QST,10,1,0,0,0,408,2595
Aurolab,Auroflex EV gold Hydrophilic,_409,118,NULL,,Hoffer®QST,10,1,0,0,0,409,2596
Aurolab,Auroflex EV. Hydrophilic,_410,118,NULL,,Hoffer®QST,10,1,0,0,0,410,2597
Aurolab,Auroflex toric. Hydrophilic,_411,118,NULL,,Hoffer®QST,10,1,0,0,0,411,2598
Aurolab,Aurogold PMMA,_412,118.5,NULL,,Hoffer®QST,10,1,0,0,0,412,2599
Aurolab,Auroped (pediatric PMMA IOL),_413,118.5,NULL,,Hoffer®QST,10,1,0,0,0,413,2600
Aurolab,Aurovue Dfine Hydrophobic,_414,118.7,NULL,,Hoffer®QST,10,1,0,0,0,414,2601
Aurolab,Aurovue EV Gold Hydrophobic,_415,118.7,NULL,,Hoffer®QST,10,1,0,0,0,415,2602
Aurolab,Aurovue EV Hydrophobic,_416,118.7,NULL,,Hoffer®QST,10,1,0,0,0,416,2603
Aurolab,Aurovue EV Toric Hydrophobic,_417,118.7,NULL,,Hoffer®QST,10,1,0,0,0,417,2604
Aurolab,Aurovue Hydrophobic monofocal,_418,118.7,NULL,,Hoffer®QST,10,1,0,0,0,418,2605
Aurolab,Aurovue multipiece preloaded Hydrophobic.,_419,118.4,NULL,,Hoffer®QST,10,1,0,0,0,419,2606
Aurolab,Aurovue Vivid Hydrophobic,_420,118.7,NULL,,Hoffer®QST,10,1,0,0,0,420,2607
Aurolab,Low power IOL,_421,117.5,NULL,,Hoffer®QST,10,1,0,0,0,421,2608
Aurolab,Negative power IOL,_422,117.5,NULL,,Hoffer®QST,10,1,0,0,0,422,2609
Aurolab,Scleral fixation IOL PMMA,_423,118.5,NULL,,Hoffer®QST,10,1,0,0,0,423,2610
Aurolab,Three piece PMMA,_424,118.5,NULL,,Hoffer®QST,10,1,0,0,0,424,2611
Aurolab,Truedge Aspheric PMMA,_425,118,NULL,,Hoffer®QST,10,1,0,0,0,425,2612
Bausch + Lomb,Luxmart Toric,2269,NULL,5.23,,Hoffer®QST,10,1,0,0,0,426,2613
Hoya,XY1-GT / XY1-GPT,2320,NULL,5.64,,Hoffer®QST,10,1,0,0,0,428,2614
Hoya,XY1A,561,NULL,5.721,,Hoffer®QST,10,1,0,0,0,429,2615
Hoya,XY1A-SP,1801,NULL,5.721,,Hoffer®QST,10,1,0,0,0,430,2616
Kowa,CP2.2,799,NULL,5.62,,Hoffer®QST,10,1,0,0,0,431,2617
Kowa,CP2.2R,801,NULL,5.62,,Hoffer®QST,10,1,0,0,0,432,2618
Rayner,RayOne EMV Toric,2326,NULL,5.32,,Hoffer®QST,10,1,0,0,0,438,2619
Rayner,RayOne Toric,919,NULL,5.32,,Hoffer®QST,10,1,0,0,0,439,2620
Rayner,RayOne Trifocal Toric,1076,NULL,5.32,,Hoffer®QST,10,1,0,0,0,440,2621
SIFI,Evolux,2296,NULL,5.11,,Hoffer®QST,10,1,0,0,0,444,2622
Alcon,AcrySof MA60MA (+D),886,119.2,NULL,,EVO,11,1,0,0,0,140,2623
Alcon,AcrySof MA60MA (-D),887,119.2,NULL,,EVO,11,1,0,0,0,141,2624
Alcon,AcrySof MN60MA (+D),884,119.2,NULL,,EVO,11,1,0,0,0,142,2625
Alcon,AcrySof MN60MA (-D),885,119.2,NULL,,EVO,11,1,0,0,0,143,2626
Johnson and Johnson Vision,AR40E,699,118.7,NULL,,EVO,11,1,0,0,0,144,2627
Johnson and Johnson Vision,AR40e,700,118.7,NULL,,EVO,11,1,0,0,0,145,2628
Johnson and Johnson Vision,AR40M,698,118.7,NULL,,EVO,11,1,0,0,0,146,2629
Bausch + Lomb,LuxSmart,1171,118.45,NULL,,EVO,11,1,0,0,0,172,2630
Johnson and Johnson Vision,ZFR00V,1089,119.3,NULL,,EVO,11,1,0,0,0,198,2631
SIFI,Mini WELL Proxa,1755,118.35,NULL,,EVO,11,1,0,0,0,228,2632
SIFI,MINI WELL Ready,1156,118.53,NULL,,EVO,11,1,0,0,0,229,2633
Johnson and Johnson Vision,ZA9002,_362,119,NULL,,EVO,11,1,0,0,0,362,2634
Johnson and Johnson Vision,DFR00V,1631,119.3,NULL,,EVO,11,1,0,0,0,366,2636
Aurolab,Anterior chamber IOL,_407,115.3,NULL,,EVO,11,1,0,0,0,407,2637
Aurolab,Auroflex aspheric IOL Hydrophilic,_408,118,NULL,,EVO,11,1,0,0,0,408,2638
Aurolab,Auroflex EV gold Hydrophilic,_409,118,NULL,,EVO,11,1,0,0,0,409,2639
Aurolab,Auroflex EV. Hydrophilic,_410,118,NULL,,EVO,11,1,0,0,0,410,2640
Aurolab,Auroflex toric. Hydrophilic,_411,118,NULL,,EVO,11,1,0,0,0,411,2641
Aurolab,Aurogold PMMA,_412,118.5,NULL,,EVO,11,1,0,0,0,412,2642
Aurolab,Auroped (pediatric PMMA IOL),_413,118.5,NULL,,EVO,11,1,0,0,0,413,2643
Aurolab,Aurovue Dfine Hydrophobic,_414,118.7,NULL,,EVO,11,1,0,0,0,414,2644
Aurolab,Aurovue EV Gold Hydrophobic,_415,118.7,NULL,,EVO,11,1,0,0,0,415,2645
Aurolab,Aurovue EV Hydrophobic,_416,118.7,NULL,,EVO,11,1,0,0,0,416,2646
Aurolab,Aurovue EV Toric Hydrophobic,_417,118.7,NULL,,EVO,11,1,0,0,0,417,2647
Aurolab,Aurovue Hydrophobic monofocal,_418,118.7,NULL,,EVO,11,1,0,0,0,418,2648
Aurolab,Aurovue multipiece preloaded Hydrophobic.,_419,118.4,NULL,,EVO,11,1,0,0,0,419,2649
Aurolab,Aurovue Vivid Hydrophobic,_420,118.7,NULL,,EVO,11,1,0,0,0,420,2650
Aurolab,Low power IOL,_421,117.5,NULL,,EVO,11,1,0,0,0,421,2651
Aurolab,Negative power IOL,_422,117.5,NULL,,EVO,11,1,0,0,0,422,2652
Aurolab,Scleral fixation IOL PMMA,_423,118.5,NULL,,EVO,11,1,0,0,0,423,2653
Aurolab,Three piece PMMA,_424,118.5,NULL,,EVO,11,1,0,0,0,424,2654
Aurolab,Truedge Aspheric PMMA,_425,118,NULL,,EVO,11,1,0,0,0,425,2655
Bausch + Lomb,Luxmart Toric,2269,118.45,NULL,,EVO,11,1,0,0,0,426,2656
SIFI,Evolux,2296,118.28,NULL,,EVO,11,1,0,0,0,444,2657
Alcon,AcrySof MA60MA (+D),886,119.2,NULL,,Barrett,8,1,0,0,0,140,2658
Alcon,AcrySof MA60MA (-D),887,119.2,NULL,,Barrett,8,1,0,0,0,141,2659
Alcon,AcrySof MN60MA (+D),884,119.2,NULL,,Barrett,8,1,0,0,0,142,2660
Alcon,AcrySof MN60MA (-D),885,119.2,NULL,,Barrett,8,1,0,0,0,143,2661
Johnson and Johnson Vision,AR40e,700,118.71,NULL,,Barrett,8,1,0,0,0,145,2662
Johnson and Johnson Vision,AR40M,698,118.71,NULL,,Barrett,8,1,0,0,0,146,2663
Alcon,AcrySof SA60AT,879,118.53,NULL,,Barrett,8,1,0,0,0,156,2664
Alcon,AcrySof SA60WF,868,118.99,NULL,,Barrett,8,1,0,0,0,157,2665
Alcon,AcrySof SN60AT,878,118.53,NULL,,Barrett,8,1,0,0,0,158,2666
Alcon,AcrySof SN60WF,867,118.99,NULL,,Barrett,8,1,0,0,0,159,2667
Bausch + Lomb,enVista,197,119.2,NULL,,Barrett,8,1,0,0,0,165,2668
Hoya,251,128,118.48,NULL,,Barrett,8,1,0,0,0,177,2669
Johnson and Johnson Vision,ZCB00,696,119.39,NULL,,Barrett,8,1,0,0,0,195,2670
Johnson and Johnson Vision,ZCT,635,119.39,NULL,,Barrett,8,1,0,0,0,197,2671
Johnson and Johnson Vision,ZFR00V,1089,119.3,NULL,,Barrett,8,1,0,0,0,198,2672
SIFI,Mini WELL Proxa,1755,118.23,NULL,,Barrett,8,1,0,0,0,228,2673
SIFI,MINI WELL Ready,1156,118.44,NULL,,Barrett,8,1,0,0,0,229,2674
ZEISS,CT ASPHINA 409M,998,118.32,NULL,,Barrett,8,1,0,0,0,232,2675
ZEISS,CT ASPHINA 409MP,999,118.32,NULL,,Barrett,8,1,0,0,0,233,2676
Bausch + Lomb,enVista enhanced (MX60E),1834,119.2,NULL,,Barrett,8,1,0,0,0,245,2677
Bausch + Lomb,enVista toric,196,119.15,NULL,,Barrett,8,1,0,0,0,246,2678
Bausch + Lomb,SofPort AO,195,118.57,NULL,,Barrett,8,1,0,0,0,247,2679
ZEISS,AT TORBI 709M,989,118.5,NULL,,Barrett,8,1,0,0,0,254,2680
ZEISS,AT TORBI 709MP,990,118.5,NULL,,Barrett,8,1,0,0,0,255,2681
ZEISS,CT ASPHINA 409MV,1000,118.32,NULL,,Barrett,8,1,0,0,0,256,2682
Alcon,AcrySof SA6AT (2-9),1050,119.26,NULL,,Barrett,8,1,0,0,0,259,2683
Alcon,AcrySof SN6AT (2-9),875,119.26,NULL,,Barrett,8,1,0,0,0,260,2684
Alcon,AcrySof SND1T (2-6),874,119.36,NULL,,Barrett,8,1,0,0,0,261,2685
Hoya,351,575,118.48,NULL,,Barrett,8,1,0,0,0,266,2686
Alcon,AcrySof SN6AD1,870,119.01,NULL,,Barrett,8,1,0,0,0,267,2687
Alcon,AcrySof SV25T0,869,119.51,NULL,,Barrett,8,1,0,0,0,268,2688
Alcon,AcrySof SV25T (2-6),873,119.51,NULL,,Barrett,8,1,0,0,0,269,2689
Bausch + Lomb,BL1UT,_270,119.2,NULL,,Barrett,8,1,0,0,0,270,2690
Johnson and Johnson Vision,PCB00,578,119.39,NULL,,Barrett,8,1,0,0,0,280,2691
Johnson and Johnson Vision,ZA9002,_362,118.8,NULL,,Barrett,8,1,0,0,0,362,2692
Johnson and Johnson Vision,DCB00,1630,119.39,NULL,,Barrett,8,1,0,0,0,365,2693
Johnson and Johnson Vision,DFR00V,1631,119.3,NULL,,Barrett,8,1,0,0,0,366,2694
Aurolab,Anterior chamber IOL,_407,115.3,NULL,,Barrett,8,1,0,0,0,407,2695
Aurolab,Auroflex aspheric IOL Hydrophilic,_408,118,NULL,,Barrett,8,1,0,0,0,408,2696
Aurolab,Auroflex EV gold Hydrophilic,_409,118,NULL,,Barrett,8,1,0,0,0,409,2697
Aurolab,Auroflex EV. Hydrophilic,_410,118,NULL,,Barrett,8,1,0,0,0,410,2698
Aurolab,Auroflex toric. Hydrophilic,_411,118,NULL,,Barrett,8,1,0,0,0,411,2699
Aurolab,Aurogold PMMA,_412,118.5,NULL,,Barrett,8,1,0,0,0,412,2700
Aurolab,Auroped (pediatric PMMA IOL),_413,118.5,NULL,,Barrett,8,1,0,0,0,413,2701
Aurolab,Aurovue Dfine Hydrophobic,_414,118.7,NULL,,Barrett,8,1,0,0,0,414,2702
Aurolab,Aurovue EV Gold Hydrophobic,_415,118.7,NULL,,Barrett,8,1,0,0,0,415,2703
Aurolab,Aurovue EV Hydrophobic,_416,118.7,NULL,,Barrett,8,1,0,0,0,416,2704
Aurolab,Aurovue EV Toric Hydrophobic,_417,118.7,NULL,,Barrett,8,1,0,0,0,417,2705
Aurolab,Aurovue Hydrophobic monofocal,_418,118.7,NULL,,Barrett,8,1,0,0,0,418,2706
Aurolab,Aurovue multipiece preloaded Hydrophobic.,_419,118.4,NULL,,Barrett,8,1,0,0,0,419,2707
Aurolab,Aurovue Vivid Hydrophobic,_420,118.7,NULL,,Barrett,8,1,0,0,0,420,2708
Aurolab,Low power IOL,_421,117.5,NULL,,Barrett,8,1,0,0,0,421,2709
Aurolab,Negative power IOL,_422,117.5,NULL,,Barrett,8,1,0,0,0,422,2710
Aurolab,Scleral fixation IOL PMMA,_423,118.5,NULL,,Barrett,8,1,0,0,0,423,2711
Aurolab,Three piece PMMA,_424,118.5,NULL,,Barrett,8,1,0,0,0,424,2712
Aurolab,Truedge Aspheric PMMA,_425,118,NULL,,Barrett,8,1,0,0,0,425,2713
SIFI,Evolux,2296,118.14,NULL,,Barrett,8,1,0,0,0,444,2714
Alcon,AcrySof MA60MA (+D),886,119.2,NULL,,Barrett True-K (KC),12,0,1,0,0,140,2715
Alcon,AcrySof MA60MA (-D),887,119.2,NULL,,Barrett True-K (KC),12,0,1,0,0,141,2716
Alcon,AcrySof MN60MA (+D),884,119.2,NULL,,Barrett True-K (KC),12,0,1,0,0,142,2717
Alcon,AcrySof MN60MA (-D),885,119.2,NULL,,Barrett True-K (KC),12,0,1,0,0,143,2718
Johnson and Johnson Vision,AR40e,700,118.71,NULL,,Barrett True-K (KC),12,0,1,0,0,145,2719
Johnson and Johnson Vision,AR40M,698,118.71,NULL,,Barrett True-K (KC),12,0,1,0,0,146,2720
Alcon,AcrySof SA60AT,879,118.53,NULL,,Barrett True-K (KC),12,0,1,0,0,156,2721
Alcon,AcrySof SA60WF,868,118.99,NULL,,Barrett True-K (KC),12,0,1,0,0,157,2722
Alcon,AcrySof SN60AT,878,118.53,NULL,,Barrett True-K (KC),12,0,1,0,0,158,2723
Alcon,AcrySof SN60WF,867,118.99,NULL,,Barrett True-K (KC),12,0,1,0,0,159,2724
Bausch + Lomb,enVista,197,119.2,NULL,,Barrett True-K (KC),12,0,1,0,0,165,2725
Hoya,251,128,118.48,NULL,,Barrett True-K (KC),12,0,1,0,0,177,2726
Johnson and Johnson Vision,ZCB00,696,119.39,NULL,,Barrett True-K (KC),12,0,1,0,0,195,2727
Johnson and Johnson Vision,ZCT,635,119.39,NULL,,Barrett True-K (KC),12,0,1,0,0,197,2728
Johnson and Johnson Vision,ZFR00V,1089,119.3,NULL,,Barrett True-K (KC),12,0,1,0,0,198,2729
SIFI,Mini WELL Proxa,1755,118.23,NULL,,Barrett True-K (KC),12,0,1,0,0,228,2730
SIFI,MINI WELL Ready,1156,118.44,NULL,,Barrett True-K (KC),12,0,1,0,0,229,2731
ZEISS,CT ASPHINA 409M,998,118.32,NULL,,Barrett True-K (KC),12,0,1,0,0,232,2732
ZEISS,CT ASPHINA 409MP,999,118.32,NULL,,Barrett True-K (KC),12,0,1,0,0,233,2733
Bausch + Lomb,enVista enhanced (MX60E),1834,119.2,NULL,,Barrett True-K (KC),12,0,1,0,0,245,2734
Bausch + Lomb,enVista toric,196,119.15,NULL,,Barrett True-K (KC),12,0,1,0,0,246,2735
Bausch + Lomb,SofPort AO,195,118.57,NULL,,Barrett True-K (KC),12,0,1,0,0,247,2736
ZEISS,AT TORBI 709M,989,118.5,NULL,,Barrett True-K (KC),12,0,1,0,0,254,2737
ZEISS,AT TORBI 709MP,990,118.5,NULL,,Barrett True-K (KC),12,0,1,0,0,255,2738
ZEISS,CT ASPHINA 409MV,1000,118.32,NULL,,Barrett True-K (KC),12,0,1,0,0,256,2739
Alcon,AcrySof SA6AT (2-9),1050,119.26,NULL,,Barrett True-K (KC),12,0,1,0,0,259,2740
Alcon,AcrySof SN6AT (2-9),875,119.26,NULL,,Barrett True-K (KC),12,0,1,0,0,260,2741
Alcon,AcrySof SND1T (2-6),874,119.36,NULL,,Barrett True-K (KC),12,0,1,0,0,261,2742
SIFI,MINI Toric Ready,1155,118.88,NULL,,Barrett True-K (KC),12,0,1,0,0,264,2743
SIFI,MINI WELL Toric Ready,1143,118.74,NULL,,Barrett True-K (KC),12,0,1,0,0,265,2744
Hoya,351,575,118.48,NULL,,Barrett True-K (KC),12,0,1,0,0,266,2745
Alcon,AcrySof SN6AD1,870,119.01,NULL,,Barrett True-K (KC),12,0,1,0,0,267,2746
Alcon,AcrySof SV25T0,869,119.51,NULL,,Barrett True-K (KC),12,0,1,0,0,268,2747
Alcon,AcrySof SV25T (2-6),873,119.51,NULL,,Barrett True-K (KC),12,0,1,0,0,269,2748
Bausch + Lomb,BL1UT,_270,119.2,NULL,,Barrett True-K (KC),12,0,1,0,0,270,2749
Johnson and Johnson Vision,PCB00,578,119.39,NULL,,Barrett True-K (KC),12,0,1,0,0,280,2750
Johnson and Johnson Vision,ZA9002,_362,118.8,NULL,,Barrett True-K (KC),12,0,1,0,0,362,2751
Johnson and Johnson Vision,DCB00,1630,119.39,NULL,,Barrett True-K (KC),12,0,1,0,0,365,2752
Johnson and Johnson Vision,DFR00V,1631,119.3,NULL,,Barrett True-K (KC),12,0,1,0,0,366,2753
Aurolab,Anterior chamber IOL,_407,115.3,NULL,,Barrett True-K (KC),12,0,1,0,0,407,2754
Aurolab,Auroflex aspheric IOL Hydrophilic,_408,118,NULL,,Barrett True-K (KC),12,0,1,0,0,408,2755
Aurolab,Auroflex EV gold Hydrophilic,_409,118,NULL,,Barrett True-K (KC),12,0,1,0,0,409,2756
Aurolab,Auroflex EV. Hydrophilic,_410,118,NULL,,Barrett True-K (KC),12,0,1,0,0,410,2757
Aurolab,Auroflex toric. Hydrophilic,_411,118,NULL,,Barrett True-K (KC),12,0,1,0,0,411,2758
Aurolab,Aurogold PMMA,_412,118.5,NULL,,Barrett True-K (KC),12,0,1,0,0,412,2759
Aurolab,Auroped (pediatric PMMA IOL),_413,118.5,NULL,,Barrett True-K (KC),12,0,1,0,0,413,2760
Aurolab,Aurovue Dfine Hydrophobic,_414,118.7,NULL,,Barrett True-K (KC),12,0,1,0,0,414,2761
Aurolab,Aurovue EV Gold Hydrophobic,_415,118.7,NULL,,Barrett True-K (KC),12,0,1,0,0,415,2762
Aurolab,Aurovue EV Hydrophobic,_416,118.7,NULL,,Barrett True-K (KC),12,0,1,0,0,416,2763
Aurolab,Aurovue EV Toric Hydrophobic,_417,118.7,NULL,,Barrett True-K (KC),12,0,1,0,0,417,2764
Aurolab,Aurovue Hydrophobic monofocal,_418,118.7,NULL,,Barrett True-K (KC),12,0,1,0,0,418,2765
Aurolab,Aurovue multipiece preloaded Hydrophobic.,_419,118.4,NULL,,Barrett True-K (KC),12,0,1,0,0,419,2766
Aurolab,Aurovue Vivid Hydrophobic,_420,118.7,NULL,,Barrett True-K (KC),12,0,1,0,0,420,2767
Aurolab,Low power IOL,_421,117.5,NULL,,Barrett True-K (KC),12,0,1,0,0,421,2768
Aurolab,Negative power IOL,_422,117.5,NULL,,Barrett True-K (KC),12,0,1,0,0,422,2769
Aurolab,Scleral fixation IOL PMMA,_423,118.5,NULL,,Barrett True-K (KC),12,0,1,0,0,423,2770
Aurolab,Three piece PMMA,_424,118.5,NULL,,Barrett True-K (KC),12,0,1,0,0,424,2771
Aurolab,Truedge Aspheric PMMA,_425,118,NULL,,Barrett True-K (KC),12,0,1,0,0,425,2772
SIFI,Evolux,2296,118.14,NULL,,Barrett True-K (KC),12,0,1,0,0,444,2773
Alcon,AcrySof SN60AT,878,118.8,NULL,,EVO,5,0,0,1,0,158,2774
Alcon,AcrySof SN60AT,878,118.8,NULL,,EVO,11,1,0,0,0,158,2775
Alcon,AcrySof SA60AT,879,118.8,NULL,"{""iolModel"":""SA60AT""}",EVO,5,0,0,1,0,156,2776
Alcon,AcrySof SA60AT,879,118.8,NULL,,EVO,11,1,0,0,0,156,2777
Alcon,AcrySof SN60WF,867,119,NULL,"{""iolModel"":""SN60WF""}",EVO,5,0,0,1,0,159,2778
Alcon,AcrySof SN60WF,867,119,NULL,,EVO,11,1,0,0,0,159,2779
Alcon,AcrySof SA60WF,868,119,NULL,"{""iolModel"":""SA60WF""}",EVO,5,0,0,1,0,157,2780
Alcon,AcrySof SA60WF,868,119,NULL,,EVO,11,1,0,0,0,157,2781
Alcon,Clareon CNA0T0,890,119.1,NULL,"{""iolModel"":""CNA0T0""}",EVO,5,0,0,1,0,162,2782
Alcon,Clareon CNA0T0,890,119.1,NULL,,EVO,11,1,0,0,0,162,2783
Alcon,AcrySof IQ Vivity DFT015,1157,119.1,NULL,"{""iolModel"":""Vivity""}",EVO,5,0,0,1,0,152,2784
Alcon,AcrySof IQ Vivity DFT015,1157,119.1,NULL,,EVO,11,1,0,0,0,152,2785
Alcon,AcrySof IQ Vivity Toric DFT (2-6)15,1158,119.1,NULL,,EVO,5,0,0,1,0,153,2786
Alcon,AcrySof IQ Vivity Toric DFT (2-6)15,1158,119.1,NULL,,EVO,11,1,0,0,0,153,2787
Alcon,AcrySof TFNT (20-60),872,119.1,NULL,,EVO,5,0,0,1,0,160,2788
Alcon,AcrySof TFNT (20-60),872,119.1,NULL,,EVO,11,1,0,0,0,160,2789
Alcon,AcrySof TFNT00,871,119.1,NULL,,EVO,5,0,0,1,0,161,2790
Alcon,AcrySof TFNT00,871,119.1,NULL,,EVO,11,1,0,0,0,161,2791
Bausch + Lomb,"Aspire
",_445,119.1,NULL,,EVO,5,0,0,1,0,445,2792
Bausch + Lomb,"Aspire
",_445,119.1,NULL,,EVO,11,1,0,0,0,445,2793
Bausch + Lomb,enVista enhanced (MX60E),1834,119.1,NULL,"{""iolModel"":""MX60E""}",EVO,5,0,0,1,0,245,2794
Bausch + Lomb,enVista enhanced (MX60E),1834,119.1,NULL,,EVO,11,1,0,0,0,245,2795
Bausch + Lomb,LuxGood,1799,119.2,NULL,"{""iolModel"":""LuxGood""}",EVO,5,0,0,1,0,170,2796
Bausch + Lomb,LuxGood,1799,119.2,NULL,,EVO,11,1,0,0,0,170,2797
Bausch + Lomb,LuxGood crystal,1800,119.2,NULL,,EVO,5,0,0,1,0,171,2798
Bausch + Lomb,LuxGood crystal,1800,119.2,NULL,,EVO,11,1,0,0,0,171,2799
Bausch + Lomb,LuxSmart crystal,1172,118.45,NULL,,EVO,5,0,0,1,0,173,2800
Bausch + Lomb,LuxSmart crystal,1172,118.45,NULL,,EVO,11,1,0,0,0,173,2801
Rayner,RayOne EMV,1721,118.1,NULL,"{""iolModel"":""EMV""}",EVO,5,0,0,1,0,224,2802
Rayner,RayOne EMV,1721,118.1,NULL,,EVO,11,1,0,0,0,224,2803
Rayner,RayOne EMV Toric,2326,118.1,NULL,,EVO,5,0,0,1,0,438,2804
Rayner,RayOne EMV Toric,2326,118.1,NULL,,EVO,11,1,0,0,0,438,2805
Alcon,AcrySof SA6AT (2-9),1050,119.2,NULL,,EVO,5,0,0,1,0,259,2806
Alcon,AcrySof SA6AT (2-9),1050,119.2,NULL,,EVO,11,1,0,0,0,259,2807
Alcon,AcrySof SN6AT (2-9),875,119.2,NULL,,EVO,5,0,0,1,0,260,2808
Alcon,AcrySof SN6AT (2-9),875,119.2,NULL,,EVO,11,1,0,0,0,260,2809
Alcon,AcrySof TFNT (20-60),872,119.26,NULL,,Barrett,7,0,0,1,0,160,2810
Alcon,AcrySof TFNT (20-60),872,119.26,NULL,,Barrett,8,1,0,0,0,160,2811
Alcon,AcrySof TFNT (20-60),872,119.26,NULL,,Barrett True-K (KC),12,0,1,0,0,160,2812
Alcon,AcrySof TFNT00,871,119.26,NULL,,Barrett,7,0,0,1,0,161,2813
Alcon,AcrySof TFNT00,871,119.26,NULL,,Barrett,8,1,0,0,0,161,2814
Alcon,AcrySof TFNT00,871,119.26,NULL,,Barrett True-K (KC),12,0,1,0,0,161,2815
Alcon,AcrySof IQ Vivity DFT015,1157,119.15,NULL,,Barrett,7,0,0,1,0,152,2816
Alcon,AcrySof IQ Vivity DFT015,1157,119.15,NULL,,Barrett,8,1,0,0,0,152,2817
Alcon,AcrySof IQ Vivity DFT015,1157,119.15,NULL,,Barrett True-K (KC),12,0,1,0,0,152,2818
Alcon,AcrySof IQ Vivity Toric DFT (2-6)15,1158,119.15,NULL,,Barrett,7,0,0,1,0,153,2819
Alcon,AcrySof IQ Vivity Toric DFT (2-6)15,1158,119.15,NULL,,Barrett,8,1,0,0,0,153,2820
Alcon,AcrySof IQ Vivity Toric DFT (2-6)15,1158,119.15,NULL,,Barrett True-K (KC),12,0,1,0,0,153,2821
Lenstec,SBL-3,1026,117.77,NULL,,Barrett,7,0,0,1,0,284,2822
Lenstec,SBL-3,1026,117.77,NULL,,Barrett,8,1,0,0,0,284,2823
Lenstec,SBL-3,1026,117.77,NULL,,Barrett True-K (KC),12,0,1,0,0,284,2824
OPHTEC,PC 565,657,118.48,NULL,,Barrett,7,0,0,1,0,320,2825
OPHTEC,PC 565,657,118.48,NULL,,Barrett,8,1,0,0,0,320,2826
OPHTEC,PC 565,657,118.48,NULL,,Barrett True-K (KC),12,0,1,0,0,320,2827
Rayner,RayOne Aspheric,891,118.6,NULL,,Pearl DGS,1,0,0,1,0,223,2828
Rayner,RayOne EMV,1721,118.6,NULL,,Pearl DGS,1,0,0,1,0,224,2829
Rayner,RayOne Hydrophobic,918,118.6,NULL,,Pearl DGS,1,0,0,1,0,225,2830
Rayner,RayOne Spheric,892,118.6,NULL,,Pearl DGS,1,0,0,1,0,226,2831
Rayner,RayOne Trifocal,893,118.6,NULL,,Pearl DGS,1,0,0,1,0,227,2832
Rayner,RayOne EMV Toric,2326,118.6,NULL,,Pearl DGS,1,0,0,1,0,438,2833
Rayner,RayOne Toric,919,118.6,NULL,,Pearl DGS,1,0,0,1,0,439,2834
Rayner,RayOne Trifocal Toric,1076,118.6,NULL,,Pearl DGS,1,0,0,1,0,440,2835
Johnson and Johnson Vision,AR40e,700,118.4,NULL,,Pearl DGS,1,0,0,1,0,145,2836
Johnson and Johnson Vision,AR40E,699,118.4,NULL,,Pearl DGS,1,0,0,1,0,144,2837
Alcon,AcrySof SA60AT,879,118.85,NULL,,Pearl DGS,1,0,0,1,0,156,2838
Alcon,AcrySof SN60AT,878,118.85,NULL,,Pearl DGS,1,0,0,1,0,158,2839
Bausch + Lomb,enVista,197,119.3,NULL,"{""iolModel"":""MX60""}",Pearl DGS,1,0,0,1,0,165,2840
Bausch + Lomb,enVista toric,196,119.3,NULL,"{""iolModel"":""MX60""}",Pearl DGS,1,0,0,1,0,246,2841
Hoya,XC1,125,119.2,NULL,,Pearl DGS,1,0,0,1,0,186,2842
Hoya,XC1-SP,940,119.2,NULL,,Pearl DGS,1,0,0,1,0,187,2843
Hoya,XY1,117,119.2,NULL,,Pearl DGS,1,0,0,1,0,188,2844
Hoya,XY1-SP,941,119.2,NULL,,Pearl DGS,1,0,0,1,0,189,2845
Alcon,AcrySof TFNT (20-60),872,119.2,NULL,"{""iolModel"":""Panoptix""}",Pearl DGS,1,0,0,1,0,160,2846
Alcon,AcrySof TFNT00,871,119.2,NULL,"{""iolModel"":""Panoptix""}",Pearl DGS,1,0,0,1,0,161,2847
Alcon,Clareon PanOptix CNWTT0,1835,119.1,NULL,"{""iolModel"":""Panoptix""}",EVO,5,0,0,1,0,277,2848
Alcon,Clareon PanOptix CNWTT0,1835,119.1,NULL,"{""iolModel"":""Panoptix""}",Hoffer®QST,10,1,0,0,0,277,2849
Bausch + Lomb,enVista enhanced (MX60E),1834,119.1,NULL,"{""iolModel"":""MX60E""}",Hoffer®QST,10,1,0,0,0,245,2850
Kowa,PU6A/AS,795,119,NULL,"{""iolModel"":""PU6A/AS""}",EVO,5,0,0,1,0,446,2851
Kowa,PU6A/AS,795,119,NULL,"{""iolModel"":""PU6A/AS""}",Hoffer®QST,10,1,0,0,0,446,2852
Kowa,PN6A/AS,794,119,NULL,"{""iolModel"":""PN6A/AS""}",EVO,5,0,0,1,0,447,2853
Kowa,PN6A/AS,794,119,NULL,"{""iolModel"":""PN6A/AS""}",Hoffer®QST,10,1,0,0,0,447,2854
Johnson and Johnson Vision,DXR00V,2270,119.3,NULL,"{""iolPowers"":[{""From"":5.0,""To"":34.0,""By"":0.5}],""iolModel"":""JAndJ1PieceTecnisOrSensar""}",Cooke K6,4,0,0,1,0,369,2855
Alcon,AcrySof MA60AC,882,119.2,NULL,"{""iolModel"":""MA60MA""}",EVO,5,0,0,1,0,154,2856
Alcon,AcrySof MN60AC,881,119.2,NULL,"{""iolModel"":""MA60MA""}",EVO,5,0,0,1,0,155,2857
Alcon,AcrySof MA60AC,882,119.2,NULL,"{""iolModel"":""MA60MA""}",EVO,11,1,0,0,0,154,2858
Alcon,AcrySof MN60AC,881,119.2,NULL,"{""iolModel"":""MA60MA""}",EVO,11,1,0,0,0,155,2859
AST VisionCare,Asqelio EDOF Toric Clear,2315,119.23,NULL,"{""iolModel"":""v34"",""IOLName"":""ASTVC Asqelio EDOF Toric"",""SIFIType"":""22""}",Kane,9,1,0,0,0,448,2862
AST VisionCare,Asqelio EDOF Toric Preloaded Clear,2316,119.23,NULL,"{""iolModel"":""v34"",""IOLName"":""ASTVC Asqelio EDOF Toric"",""SIFIType"":""22""}",Kane,9,1,0,0,0,449,2864
AST VisionCare,Asqelio EDOF Toric Preloaded Yellow,2318,119.23,NULL,"{""iolModel"":""v34"",""IOLName"":""ASTVC Asqelio EDOF Toric"",""SIFIType"":""22""}",Kane,9,1,0,0,0,450,2866
AST VisionCare,Asqelio EDOF Toric Yellow,2317,119.23,NULL,"{""iolModel"":""v34"",""IOLName"":""ASTVC Asqelio EDOF Toric"",""SIFIType"":""22""}",Kane,9,1,0,0,0,451,2868
AST VisionCare,Asqelio Toric Clear,1781,119.23,NULL,"{""iolModel"":""v33"",""IOLName"":""ASTVC Asqelio Monofocal Toric"",""SIFIType"":""21""}",Kane,9,1,0,0,0,452,2870
AST VisionCare,Asqelio Toric Preloaded Clear,1782,119.23,NULL,"{""iolModel"":""v33"",""IOLName"":""ASTVC Asqelio Monofocal Toric"",""SIFIType"":""21""}",Kane,9,1,0,0,0,453,2872
AST VisionCare,Asqelio Toric Preloaded Yellow,1784,119.23,NULL,"{""iolModel"":""v33"",""IOLName"":""ASTVC Asqelio Monofocal Toric"",""SIFIType"":""21""}",Kane,9,1,0,0,0,454,2874
AST VisionCare,Asqelio Toric Yellow,1783,119.23,NULL,"{""iolModel"":""v33"",""IOLName"":""ASTVC Asqelio Monofocal Toric"",""SIFIType"":""21""}",Kane,9,1,0,0,0,455,2876
AST VisionCare,Asqelio Trifocal Toric Clear,1789,119.34,NULL,"{""iolModel"":""v35"",""IOLName"":""ASTVC Asqelio Trifocal Toric"",""SIFIType"":""23""}",Kane,9,1,0,0,0,456,2878
AST VisionCare,Asqelio Trifocal Toric Preloaded Clear,1790,119.34,NULL,"{""iolModel"":""v35"",""IOLName"":""ASTVC Asqelio Trifocal Toric"",""SIFIType"":""23""}",Kane,9,1,0,0,0,457,2880
AST VisionCare,Asqelio Trifocal Toric Preloaded Yellow,1792,119.34,NULL,"{""iolModel"":""v35"",""IOLName"":""ASTVC Asqelio Trifocal Toric"",""SIFIType"":""23""}",Kane,9,1,0,0,0,458,2882
AST VisionCare,Asqelio Trifocal Toric Yellow,1791,119.34,NULL,"{""iolModel"":""v35"",""IOLName"":""ASTVC Asqelio Trifocal Toric"",""SIFIType"":""23""}",Kane,9,1,0,0,0,459,2884
Alcon,AcrySof MN60MA (+D),884,119.24,NULL,"{""iolModel"":""v3"",""IOLName"":""Alcon MN60MA"",""SIFIType"":""0""}",Kane,2,0,0,1,0,142,2886
Alcon,AcrySof MN60MA (-D),885,119.24,NULL,"{""iolModel"":""v3"",""IOLName"":""Alcon MN60MA"",""SIFIType"":""0""}",Kane,2,0,0,1,0,143,2887
Alcon,AcrySof SA60AT,879,118.7,NULL,"{""iolModel"":""v2"",""IOLName"":""Alcon SA60AT"",""SIFIType"":""0""}",Kane,2,0,0,1,0,156,2888
Alcon,AcrySof SN60WF,867,118.98,NULL,"{""iolModel"":""v1"",""IOLName"":""Alcon SN60WF"",""SIFIType"":""0""}",Kane,2,0,0,1,0,159,2889
Alcon,AcrySof SN6AT (2-9),875,119.28,NULL,"{""iolModel"":""v7"",""IOLName"":""Alcon SN6ATx"",""SIFIType"":""0""}",Kane,9,1,0,0,0,260,2890
Alcon,AcrySof MN60MA (+D),884,119.24,NULL,"{""iolModel"":""v3"",""IOLName"":""Alcon MN60MA"",""SIFIType"":""0""}",Kane (KC),13,0,1,0,0,142,2891
Alcon,AcrySof MN60MA (-D),885,119.24,NULL,"{""iolModel"":""v3"",""IOLName"":""Alcon MN60MA"",""SIFIType"":""0""}",Kane (KC),13,0,1,0,0,143,2892
Alcon,AcrySof SA60AT,879,118.7,NULL,"{""iolModel"":""v2"",""IOLName"":""Alcon SA60AT"",""SIFIType"":""0""}",Kane (KC),13,0,1,0,0,156,2893
Alcon,AcrySof SN60WF,867,118.98,NULL,"{""iolModel"":""v1"",""IOLName"":""Alcon SN60WF"",""SIFIType"":""0""}",Kane (KC),13,0,1,0,0,159,2894
Alcon,AcrySof MA60MA (+D),886,NULL,NULL,"{""iolModel"":""60MA""}",Pearl DGS,17,1,0,0,0,140,2895
Alcon,AcrySof MA60MA (-D),887,NULL,NULL,"{""iolModel"":""60MA""}",Pearl DGS,17,1,0,0,0,141,2896
Alcon,AcrySof MN60MA (+D),884,NULL,NULL,"{""iolModel"":""60MA""}",Pearl DGS,17,1,0,0,0,142,2897
Alcon,AcrySof MN60MA (-D),885,NULL,NULL,"{""iolModel"":""60MA""}",Pearl DGS,17,1,0,0,0,143,2898
Johnson and Johnson Vision,AR40M,698,118.4,NULL,,Pearl DGS,17,1,0,0,0,146,2899
Johnson and Johnson Vision,ZA9002,_362,118.8,NULL,,Pearl DGS,17,1,0,0,0,362,2900
Alcon,AcrySof SN60WF,867,119.1,NULL,"{""iolModel"":""SN60WF""}",Pearl DGS,17,1,0,0,0,159,2901
Johnson and Johnson Vision,ZCB00,696,119.35,NULL,"{""iolModel"":""PCB""}",Pearl DGS,17,1,0,0,0,195,2902
Johnson and Johnson Vision,PCB00,578,119.35,NULL,"{""iolModel"":""PCB""}",Pearl DGS,17,1,0,0,0,280,2903
Alcon,AcrySof SA60WF,868,119.1,NULL,"{""iolModel"":""SN60WF""}",Pearl DGS,17,1,0,0,0,157,2904
PhysIOL,POD F,928,118.95,NULL,"{""iolModel"":""Finevision""}",Pearl DGS,17,1,0,0,0,327,2905
PhysIOL,POD F Toric,929,118.95,NULL,"{""iolModel"":""Finevision""}",Pearl DGS,17,1,0,0,0,328,2906
Johnson and Johnson Vision,ZMT,648,119.3,NULL,"{""iolModel"":""PCB""}",Pearl DGS,17,1,0,0,0,363,2907
Johnson and Johnson Vision,DFW (CE approved),1625,119.3,NULL,"{""iolModel"":""PCB""}",Pearl DGS,17,1,0,0,0,364,2908
Johnson and Johnson Vision,DFR00V,1631,119.3,NULL,"{""iolModel"":""PCB""}",Pearl DGS,17,1,0,0,0,366,2909
Johnson and Johnson Vision,DIU,1740,119.3,NULL,"{""iolModel"":""PCB""}",Pearl DGS,17,1,0,0,0,367,2910
Johnson and Johnson Vision,DFW (FDA approved),1770,119.3,NULL,"{""iolModel"":""PCB""}",Pearl DGS,17,1,0,0,0,368,2911
Johnson and Johnson Vision,DXR00V,2270,119.3,NULL,"{""iolModel"":""PCB""}",Pearl DGS,17,1,0,0,0,369,2912
Johnson and Johnson Vision,DXW,2271,119.3,NULL,"{""iolModel"":""PCB""}",Pearl DGS,17,1,0,0,0,370,2913
Johnson and Johnson Vision,ICB00,1039,119.3,NULL,"{""iolModel"":""PCB""}",Pearl DGS,17,1,0,0,0,193,2914
Johnson and Johnson Vision,ZFR00V,1089,119.3,NULL,"{""iolModel"":""PCB""}",Pearl DGS,17,1,0,0,0,198,2915
Johnson and Johnson Vision,DIB00,1117,119.3,NULL,"{""iolModel"":""PCB""}",Pearl DGS,17,1,0,0,0,192,2916
Johnson and Johnson Vision,ZKU,1167,119.3,NULL,"{""iolModel"":""PCB""}",Pearl DGS,17,1,0,0,0,201,2917
Johnson and Johnson Vision,ZLU,1168,119.3,NULL,"{""iolModel"":""PCB""}",Pearl DGS,17,1,0,0,0,203,2918
Johnson and Johnson Vision,ZCU (FDA approved),1169,119.3,NULL,"{""iolModel"":""PCB""}",Pearl DGS,17,1,0,0,0,249,2919
Johnson and Johnson Vision,ZFW,1626,119.3,NULL,"{""iolModel"":""PCB""}",Pearl DGS,17,1,0,0,0,199,2920
Johnson and Johnson Vision,ZXW,1675,119.3,NULL,"{""iolModel"":""PCB""}",Pearl DGS,17,1,0,0,0,208,2921
Johnson and Johnson Vision,ZXR00V,1679,119.3,NULL,"{""iolModel"":""PCB""}",Pearl DGS,17,1,0,0,0,206,2922
Johnson and Johnson Vision,ZCU (CE approved),1859,119.3,NULL,"{""iolModel"":""PCB""}",Pearl DGS,17,1,0,0,0,248,2923
Johnson and Johnson Vision,PCB00V,579,119.3,NULL,"{""iolModel"":""PCB""}",Pearl DGS,17,1,0,0,0,281,2924
Johnson and Johnson Vision,ZCT,635,119.3,NULL,"{""iolModel"":""PCB""}",Pearl DGS,17,1,0,0,0,197,2925
Johnson and Johnson Vision,ZKB00,645,119.3,NULL,"{""iolModel"":""PCB""}",Pearl DGS,17,1,0,0,0,200,2926
Johnson and Johnson Vision,ZLB00,646,119.3,NULL,"{""iolModel"":""PCB""}",Pearl DGS,17,1,0,0,0,202,2927
Johnson and Johnson Vision,ZMB00,647,119.3,NULL,"{""iolModel"":""PCB""}",Pearl DGS,17,1,0,0,0,204,2928
Johnson and Johnson Vision,ZXR00,687,119.3,NULL,"{""iolModel"":""PCB""}",Pearl DGS,17,1,0,0,0,205,2929
Johnson and Johnson Vision,ZXT,688,119.3,NULL,"{""iolModel"":""PCB""}",Pearl DGS,17,1,0,0,0,207,2930
Johnson and Johnson Vision,ZCB00V,697,119.3,NULL,"{""iolModel"":""PCB""}",Pearl DGS,17,1,0,0,0,196,2931
Johnson and Johnson Vision,ZMA00,719,119.3,NULL,"{""iolModel"":""PCB""}",Pearl DGS,17,1,0,0,0,282,2932
Aurolab,Anterior chamber IOL,_407,115.3,NULL,,Pearl DGS,17,1,0,0,0,407,2933
Aurolab,Auroflex aspheric IOL Hydrophilic,_408,118,NULL,,Pearl DGS,17,1,0,0,0,408,2934
Aurolab,Auroflex EV gold Hydrophilic,_409,118,NULL,,Pearl DGS,17,1,0,0,0,409,2935
Aurolab,Auroflex EV. Hydrophilic,_410,118,NULL,,Pearl DGS,17,1,0,0,0,410,2936
Aurolab,Auroflex toric. Hydrophilic,_411,118,NULL,,Pearl DGS,17,1,0,0,0,411,2937
Aurolab,Aurogold PMMA,_412,118.5,NULL,,Pearl DGS,17,1,0,0,0,412,2938
Aurolab,Auroped (pediatric PMMA IOL),_413,118.5,NULL,,Pearl DGS,17,1,0,0,0,413,2939
Aurolab,Aurovue Dfine Hydrophobic,_414,118.7,NULL,,Pearl DGS,17,1,0,0,0,414,2940
Aurolab,Aurovue EV Gold Hydrophobic,_415,118.7,NULL,,Pearl DGS,17,1,0,0,0,415,2941
Aurolab,Aurovue EV Hydrophobic,_416,118.7,NULL,,Pearl DGS,17,1,0,0,0,416,2942
Aurolab,Aurovue EV Toric Hydrophobic,_417,118.7,NULL,,Pearl DGS,17,1,0,0,0,417,2943
Aurolab,Aurovue Hydrophobic monofocal,_418,118.7,NULL,,Pearl DGS,17,1,0,0,0,418,2944
Aurolab,Aurovue multipiece preloaded Hydrophobic.,_419,118.4,NULL,,Pearl DGS,17,1,0,0,0,419,2945
Aurolab,Aurovue Vivid Hydrophobic,_420,118.7,NULL,,Pearl DGS,17,1,0,0,0,420,2946
Aurolab,Low power IOL,_421,117.5,NULL,,Pearl DGS,17,1,0,0,0,421,2947
Aurolab,Negative power IOL,_422,117.5,NULL,,Pearl DGS,17,1,0,0,0,422,2948
Aurolab,Scleral fixation IOL PMMA,_423,118.5,NULL,,Pearl DGS,17,1,0,0,0,423,2949
Aurolab,Three piece PMMA,_424,118.5,NULL,,Pearl DGS,17,1,0,0,0,424,2950
Aurolab,Truedge Aspheric PMMA,_425,118,NULL,,Pearl DGS,17,1,0,0,0,425,2951
ZEISS,CT ASPHINA 409M,998,117.95,NULL,"{""iolModel"":""Asphina""}",Pearl DGS,17,1,0,0,0,232,2952
ZEISS,CT ASPHINA 409MP,999,117.95,NULL,"{""iolModel"":""Asphina""}",Pearl DGS,17,1,0,0,0,233,2953
SIFI,MINI Toric Ready,1155,118.88,NULL,,Pearl DGS,17,1,0,0,0,264,2954
SIFI,MINI WELL Toric Ready,1143,118.74,NULL,,Pearl DGS,17,1,0,0,0,265,2955
Johnson and Johnson Vision,DCB00,1630,119.3,NULL,"{""iolModel"":""PCB""}",Pearl DGS,17,1,0,0,0,365,2956
Rayner,RayOne Aspheric,891,118.6,NULL,,Pearl DGS,17,1,0,0,0,223,2957
Rayner,RayOne EMV,1721,118.6,NULL,,Pearl DGS,17,1,0,0,0,224,2958
Rayner,RayOne Hydrophobic,918,118.6,NULL,,Pearl DGS,17,1,0,0,0,225,2959
Rayner,RayOne Spheric,892,118.6,NULL,,Pearl DGS,17,1,0,0,0,226,2960
Rayner,RayOne Trifocal,893,118.6,NULL,,Pearl DGS,17,1,0,0,0,227,2961
Rayner,RayOne EMV Toric,2326,118.6,NULL,,Pearl DGS,17,1,0,0,0,438,2962
Rayner,RayOne Toric,919,118.6,NULL,,Pearl DGS,17,1,0,0,0,439,2963
Rayner,RayOne Trifocal Toric,1076,118.6,NULL,,Pearl DGS,17,1,0,0,0,440,2964
Johnson and Johnson Vision,AR40e,700,118.4,NULL,,Pearl DGS,17,1,0,0,0,145,2965
Johnson and Johnson Vision,AR40E,699,118.4,NULL,,Pearl DGS,17,1,0,0,0,144,2966
Alcon,AcrySof SA60AT,879,118.85,NULL,,Pearl DGS,17,1,0,0,0,156,2967
Alcon,AcrySof SN60AT,878,118.85,NULL,,Pearl DGS,17,1,0,0,0,158,2968
Bausch + Lomb,enVista,197,119.3,NULL,"{""iolModel"":""MX60""}",Pearl DGS,17,1,0,0,0,165,2969
Bausch + Lomb,enVista toric,196,119.3,NULL,"{""iolModel"":""MX60""}",Pearl DGS,17,1,0,0,0,246,2970
Hoya,XC1,125,119.2,NULL,,Pearl DGS,17,1,0,0,0,186,2971
Hoya,XC1-SP,940,119.2,NULL,,Pearl DGS,17,1,0,0,0,187,2972
Hoya,XY1,117,119.2,NULL,,Pearl DGS,17,1,0,0,0,188,2973
Hoya,XY1-SP,941,119.2,NULL,,Pearl DGS,17,1,0,0,0,189,2974
Alcon,AcrySof TFNT (20-60),872,119.2,NULL,"{""iolModel"":""Panoptix""}",Pearl DGS,17,1,0,0,0,160,2975
Alcon,AcrySof TFNT00,871,119.2,NULL,"{""iolModel"":""Panoptix""}",Pearl DGS,17,1,0,0,0,161,2976
Alcon,AcrySof MA60MA (+D),886,NULL,NULL,"{""iolModel"":""60MA""}",Pearl DGS,18,0,1,0,0,140,2977
Alcon,AcrySof MA60MA (-D),887,NULL,NULL,"{""iolModel"":""60MA""}",Pearl DGS,18,0,1,0,0,141,2978
Alcon,AcrySof MN60MA (+D),884,NULL,NULL,"{""iolModel"":""60MA""}",Pearl DGS,18,0,1,0,0,142,2979
Alcon,AcrySof MN60MA (-D),885,NULL,NULL,"{""iolModel"":""60MA""}",Pearl DGS,18,0,1,0,0,143,2980
Johnson and Johnson Vision,AR40M,698,118.4,NULL,,Pearl DGS,18,0,1,0,0,146,2981
Johnson and Johnson Vision,ZA9002,_362,118.8,NULL,,Pearl DGS,18,0,1,0,0,362,2982
Alcon,AcrySof SN60WF,867,119.1,NULL,"{""iolModel"":""SN60WF""}",Pearl DGS,18,0,1,0,0,159,2983
Johnson and Johnson Vision,ZCB00,696,119.35,NULL,"{""iolModel"":""PCB""}",Pearl DGS,18,0,1,0,0,195,2984
Johnson and Johnson Vision,PCB00,578,119.35,NULL,"{""iolModel"":""PCB""}",Pearl DGS,18,0,1,0,0,280,2985
Alcon,AcrySof SA60WF,868,119.1,NULL,"{""iolModel"":""SN60WF""}",Pearl DGS,18,0,1,0,0,157,2986
PhysIOL,POD F,928,118.95,NULL,"{""iolModel"":""Finevision""}",Pearl DGS,18,0,1,0,0,327,2987
PhysIOL,POD F Toric,929,118.95,NULL,"{""iolModel"":""Finevision""}",Pearl DGS,18,0,1,0,0,328,2988
Johnson and Johnson Vision,ZMT,648,119.3,NULL,"{""iolModel"":""PCB""}",Pearl DGS,18,0,1,0,0,363,2989
Johnson and Johnson Vision,DFW (CE approved),1625,119.3,NULL,"{""iolModel"":""PCB""}",Pearl DGS,18,0,1,0,0,364,2990
Johnson and Johnson Vision,DFR00V,1631,119.3,NULL,"{""iolModel"":""PCB""}",Pearl DGS,18,0,1,0,0,366,2991
Johnson and Johnson Vision,DIU,1740,119.3,NULL,"{""iolModel"":""PCB""}",Pearl DGS,18,0,1,0,0,367,2992
Johnson and Johnson Vision,DFW (FDA approved),1770,119.3,NULL,"{""iolModel"":""PCB""}",Pearl DGS,18,0,1,0,0,368,2993
Johnson and Johnson Vision,DXR00V,2270,119.3,NULL,"{""iolModel"":""PCB""}",Pearl DGS,18,0,1,0,0,369,2994
Johnson and Johnson Vision,DXW,2271,119.3,NULL,"{""iolModel"":""PCB""}",Pearl DGS,18,0,1,0,0,370,2995
Johnson and Johnson Vision,ICB00,1039,119.3,NULL,"{""iolModel"":""PCB""}",Pearl DGS,18,0,1,0,0,193,2996
Johnson and Johnson Vision,ZFR00V,1089,119.3,NULL,"{""iolModel"":""PCB""}",Pearl DGS,18,0,1,0,0,198,2997
Johnson and Johnson Vision,DIB00,1117,119.3,NULL,"{""iolModel"":""PCB""}",Pearl DGS,18,0,1,0,0,192,2998
Johnson and Johnson Vision,ZKU,1167,119.3,NULL,"{""iolModel"":""PCB""}",Pearl DGS,18,0,1,0,0,201,2999
Johnson and Johnson Vision,ZLU,1168,119.3,NULL,"{""iolModel"":""PCB""}",Pearl DGS,18,0,1,0,0,203,3000
Johnson and Johnson Vision,ZCU (FDA approved),1169,119.3,NULL,"{""iolModel"":""PCB""}",Pearl DGS,18,0,1,0,0,249,3001
Johnson and Johnson Vision,ZFW,1626,119.3,NULL,"{""iolModel"":""PCB""}",Pearl DGS,18,0,1,0,0,199,3002
Johnson and Johnson Vision,ZXW,1675,119.3,NULL,"{""iolModel"":""PCB""}",Pearl DGS,18,0,1,0,0,208,3003
Johnson and Johnson Vision,ZXR00V,1679,119.3,NULL,"{""iolModel"":""PCB""}",Pearl DGS,18,0,1,0,0,206,3004
Johnson and Johnson Vision,ZCU (CE approved),1859,119.3,NULL,"{""iolModel"":""PCB""}",Pearl DGS,18,0,1,0,0,248,3005
Johnson and Johnson Vision,PCB00V,579,119.3,NULL,"{""iolModel"":""PCB""}",Pearl DGS,18,0,1,0,0,281,3006
Johnson and Johnson Vision,ZCT,635,119.3,NULL,"{""iolModel"":""PCB""}",Pearl DGS,18,0,1,0,0,197,3007
Johnson and Johnson Vision,ZKB00,645,119.3,NULL,"{""iolModel"":""PCB""}",Pearl DGS,18,0,1,0,0,200,3008
Johnson and Johnson Vision,ZLB00,646,119.3,NULL,"{""iolModel"":""PCB""}",Pearl DGS,18,0,1,0,0,202,3009
Johnson and Johnson Vision,ZMB00,647,119.3,NULL,"{""iolModel"":""PCB""}",Pearl DGS,18,0,1,0,0,204,3010
Johnson and Johnson Vision,ZXR00,687,119.3,NULL,"{""iolModel"":""PCB""}",Pearl DGS,18,0,1,0,0,205,3011
Johnson and Johnson Vision,ZXT,688,119.3,NULL,"{""iolModel"":""PCB""}",Pearl DGS,18,0,1,0,0,207,3012
Johnson and Johnson Vision,ZCB00V,697,119.3,NULL,"{""iolModel"":""PCB""}",Pearl DGS,18,0,1,0,0,196,3013
Johnson and Johnson Vision,ZMA00,719,119.3,NULL,"{""iolModel"":""PCB""}",Pearl DGS,18,0,1,0,0,282,3014
Aurolab,Anterior chamber IOL,_407,115.3,NULL,,Pearl DGS,18,0,1,0,0,407,3015
Aurolab,Auroflex aspheric IOL Hydrophilic,_408,118,NULL,,Pearl DGS,18,0,1,0,0,408,3016
Aurolab,Auroflex EV gold Hydrophilic,_409,118,NULL,,Pearl DGS,18,0,1,0,0,409,3017
Aurolab,Auroflex EV. Hydrophilic,_410,118,NULL,,Pearl DGS,18,0,1,0,0,410,3018
Aurolab,Auroflex toric. Hydrophilic,_411,118,NULL,,Pearl DGS,18,0,1,0,0,411,3019
Aurolab,Aurogold PMMA,_412,118.5,NULL,,Pearl DGS,18,0,1,0,0,412,3020
Aurolab,Auroped (pediatric PMMA IOL),_413,118.5,NULL,,Pearl DGS,18,0,1,0,0,413,3021
Aurolab,Aurovue Dfine Hydrophobic,_414,118.7,NULL,,Pearl DGS,18,0,1,0,0,414,3022
Aurolab,Aurovue EV Gold Hydrophobic,_415,118.7,NULL,,Pearl DGS,18,0,1,0,0,415,3023
Aurolab,Aurovue EV Hydrophobic,_416,118.7,NULL,,Pearl DGS,18,0,1,0,0,416,3024
Aurolab,Aurovue EV Toric Hydrophobic,_417,118.7,NULL,,Pearl DGS,18,0,1,0,0,417,3025
Aurolab,Aurovue Hydrophobic monofocal,_418,118.7,NULL,,Pearl DGS,18,0,1,0,0,418,3026
Aurolab,Aurovue multipiece preloaded Hydrophobic.,_419,118.4,NULL,,Pearl DGS,18,0,1,0,0,419,3027
Aurolab,Aurovue Vivid Hydrophobic,_420,118.7,NULL,,Pearl DGS,18,0,1,0,0,420,3028
Aurolab,Low power IOL,_421,117.5,NULL,,Pearl DGS,18,0,1,0,0,421,3029
Aurolab,Negative power IOL,_422,117.5,NULL,,Pearl DGS,18,0,1,0,0,422,3030
Aurolab,Scleral fixation IOL PMMA,_423,118.5,NULL,,Pearl DGS,18,0,1,0,0,423,3031
Aurolab,Three piece PMMA,_424,118.5,NULL,,Pearl DGS,18,0,1,0,0,424,3032
Aurolab,Truedge Aspheric PMMA,_425,118,NULL,,Pearl DGS,18,0,1,0,0,425,3033
ZEISS,CT ASPHINA 409M,998,117.95,NULL,"{""iolModel"":""Asphina""}",Pearl DGS,18,0,1,0,0,232,3034
ZEISS,CT ASPHINA 409MP,999,117.95,NULL,"{""iolModel"":""Asphina""}",Pearl DGS,18,0,1,0,0,233,3035
SIFI,MINI Toric Ready,1155,118.88,NULL,,Pearl DGS,18,0,1,0,0,264,3036
SIFI,MINI WELL Toric Ready,1143,118.74,NULL,,Pearl DGS,18,0,1,0,0,265,3037
Johnson and Johnson Vision,DCB00,1630,119.3,NULL,"{""iolModel"":""PCB""}",Pearl DGS,18,0,1,0,0,365,3038
Rayner,RayOne Aspheric,891,118.6,NULL,,Pearl DGS,18,0,1,0,0,223,3039
Rayner,RayOne EMV,1721,118.6,NULL,,Pearl DGS,18,0,1,0,0,224,3040
Rayner,RayOne Hydrophobic,918,118.6,NULL,,Pearl DGS,18,0,1,0,0,225,3041
Rayner,RayOne Spheric,892,118.6,NULL,,Pearl DGS,18,0,1,0,0,226,3042
Rayner,RayOne Trifocal,893,118.6,NULL,,Pearl DGS,18,0,1,0,0,227,3043
Rayner,RayOne EMV Toric,2326,118.6,NULL,,Pearl DGS,18,0,1,0,0,438,3044
Rayner,RayOne Toric,919,118.6,NULL,,Pearl DGS,18,0,1,0,0,439,3045
Rayner,RayOne Trifocal Toric,1076,118.6,NULL,,Pearl DGS,18,0,1,0,0,440,3046
Johnson and Johnson Vision,AR40e,700,118.4,NULL,,Pearl DGS,18,0,1,0,0,145,3047
Johnson and Johnson Vision,AR40E,699,118.4,NULL,,Pearl DGS,18,0,1,0,0,144,3048
Alcon,AcrySof SA60AT,879,118.85,NULL,,Pearl DGS,18,0,1,0,0,156,3049
Alcon,AcrySof SN60AT,878,118.85,NULL,,Pearl DGS,18,0,1,0,0,158,3050
Bausch + Lomb,enVista,197,119.3,NULL,"{""iolModel"":""MX60""}",Pearl DGS,18,0,1,0,0,165,3051
Bausch + Lomb,enVista toric,196,119.3,NULL,"{""iolModel"":""MX60""}",Pearl DGS,18,0,1,0,0,246,3052
Hoya,XC1,125,119.2,NULL,,Pearl DGS,18,0,1,0,0,186,3053
Hoya,XC1-SP,940,119.2,NULL,,Pearl DGS,18,0,1,0,0,187,3054
Hoya,XY1,117,119.2,NULL,,Pearl DGS,18,0,1,0,0,188,3055
Hoya,XY1-SP,941,119.2,NULL,,Pearl DGS,18,0,1,0,0,189,3056
Alcon,AcrySof TFNT (20-60),872,119.2,NULL,"{""iolModel"":""Panoptix""}",Pearl DGS,18,0,1,0,0,160,3057
Alcon,AcrySof TFNT00,871,119.2,NULL,"{""iolModel"":""Panoptix""}",Pearl DGS,18,0,1,0,0,161,3058
Alcon,AcrySof MA60MA (+D),886,NULL,NULL,"{""iolModel"":""60MA""}",Pearl DGS,19,0,0,0,1,140,3059
Alcon,AcrySof MA60MA (-D),887,NULL,NULL,"{""iolModel"":""60MA""}",Pearl DGS,19,0,0,0,1,141,3060
Alcon,AcrySof MN60MA (+D),884,NULL,NULL,"{""iolModel"":""60MA""}",Pearl DGS,19,0,0,0,1,142,3061
Alcon,AcrySof MN60MA (-D),885,NULL,NULL,"{""iolModel"":""60MA""}",Pearl DGS,19,0,0,0,1,143,3062
Johnson and Johnson Vision,AR40M,698,118.4,NULL,,Pearl DGS,19,0,0,0,1,146,3063
Johnson and Johnson Vision,ZA9002,_362,118.8,NULL,,Pearl DGS,19,0,0,0,1,362,3064
Alcon,AcrySof SN60WF,867,119.1,NULL,"{""iolModel"":""SN60WF""}",Pearl DGS,19,0,0,0,1,159,3065
Johnson and Johnson Vision,ZCB00,696,119.35,NULL,"{""iolModel"":""PCB""}",Pearl DGS,19,0,0,0,1,195,3066
Johnson and Johnson Vision,PCB00,578,119.35,NULL,"{""iolModel"":""PCB""}",Pearl DGS,19,0,0,0,1,280,3067
Alcon,AcrySof SA60WF,868,119.1,NULL,"{""iolModel"":""SN60WF""}",Pearl DGS,19,0,0,0,1,157,3068
PhysIOL,POD F,928,118.95,NULL,"{""iolModel"":""Finevision""}",Pearl DGS,19,0,0,0,1,327,3069
PhysIOL,POD F Toric,929,118.95,NULL,"{""iolModel"":""Finevision""}",Pearl DGS,19,0,0,0,1,328,3070
Johnson and Johnson Vision,ZMT,648,119.3,NULL,"{""iolModel"":""PCB""}",Pearl DGS,19,0,0,0,1,363,3071
Johnson and Johnson Vision,DFW (CE approved),1625,119.3,NULL,"{""iolModel"":""PCB""}",Pearl DGS,19,0,0,0,1,364,3072
Johnson and Johnson Vision,DFR00V,1631,119.3,NULL,"{""iolModel"":""PCB""}",Pearl DGS,19,0,0,0,1,366,3073
Johnson and Johnson Vision,DIU,1740,119.3,NULL,"{""iolModel"":""PCB""}",Pearl DGS,19,0,0,0,1,367,3074
Johnson and Johnson Vision,DFW (FDA approved),1770,119.3,NULL,"{""iolModel"":""PCB""}",Pearl DGS,19,0,0,0,1,368,3075
Johnson and Johnson Vision,DXR00V,2270,119.3,NULL,"{""iolModel"":""PCB""}",Pearl DGS,19,0,0,0,1,369,3076
Johnson and Johnson Vision,DXW,2271,119.3,NULL,"{""iolModel"":""PCB""}",Pearl DGS,19,0,0,0,1,370,3077
Johnson and Johnson Vision,ICB00,1039,119.3,NULL,"{""iolModel"":""PCB""}",Pearl DGS,19,0,0,0,1,193,3078
Johnson and Johnson Vision,ZFR00V,1089,119.3,NULL,"{""iolModel"":""PCB""}",Pearl DGS,19,0,0,0,1,198,3079
Johnson and Johnson Vision,DIB00,1117,119.3,NULL,"{""iolModel"":""PCB""}",Pearl DGS,19,0,0,0,1,192,3080
Johnson and Johnson Vision,ZKU,1167,119.3,NULL,"{""iolModel"":""PCB""}",Pearl DGS,19,0,0,0,1,201,3081
Johnson and Johnson Vision,ZLU,1168,119.3,NULL,"{""iolModel"":""PCB""}",Pearl DGS,19,0,0,0,1,203,3082
Johnson and Johnson Vision,ZCU (FDA approved),1169,119.3,NULL,"{""iolModel"":""PCB""}",Pearl DGS,19,0,0,0,1,249,3083
Johnson and Johnson Vision,ZFW,1626,119.3,NULL,"{""iolModel"":""PCB""}",Pearl DGS,19,0,0,0,1,199,3084
Johnson and Johnson Vision,ZXW,1675,119.3,NULL,"{""iolModel"":""PCB""}",Pearl DGS,19,0,0,0,1,208,3085
Johnson and Johnson Vision,ZXR00V,1679,119.3,NULL,"{""iolModel"":""PCB""}",Pearl DGS,19,0,0,0,1,206,3086
Johnson and Johnson Vision,ZCU (CE approved),1859,119.3,NULL,"{""iolModel"":""PCB""}",Pearl DGS,19,0,0,0,1,248,3087
Johnson and Johnson Vision,PCB00V,579,119.3,NULL,"{""iolModel"":""PCB""}",Pearl DGS,19,0,0,0,1,281,3088
Johnson and Johnson Vision,ZCT,635,119.3,NULL,"{""iolModel"":""PCB""}",Pearl DGS,19,0,0,0,1,197,3089
Johnson and Johnson Vision,ZKB00,645,119.3,NULL,"{""iolModel"":""PCB""}",Pearl DGS,19,0,0,0,1,200,3090
Johnson and Johnson Vision,ZLB00,646,119.3,NULL,"{""iolModel"":""PCB""}",Pearl DGS,19,0,0,0,1,202,3091
Johnson and Johnson Vision,ZMB00,647,119.3,NULL,"{""iolModel"":""PCB""}",Pearl DGS,19,0,0,0,1,204,3092
Johnson and Johnson Vision,ZXR00,687,119.3,NULL,"{""iolModel"":""PCB""}",Pearl DGS,19,0,0,0,1,205,3093
Johnson and Johnson Vision,ZXT,688,119.3,NULL,"{""iolModel"":""PCB""}",Pearl DGS,19,0,0,0,1,207,3094
Johnson and Johnson Vision,ZCB00V,697,119.3,NULL,"{""iolModel"":""PCB""}",Pearl DGS,19,0,0,0,1,196,3095
Johnson and Johnson Vision,ZMA00,719,119.3,NULL,"{""iolModel"":""PCB""}",Pearl DGS,19,0,0,0,1,282,3096
Aurolab,Anterior chamber IOL,_407,115.3,NULL,,Pearl DGS,19,0,0,0,1,407,3097
Aurolab,Auroflex aspheric IOL Hydrophilic,_408,118,NULL,,Pearl DGS,19,0,0,0,1,408,3098
Aurolab,Auroflex EV gold Hydrophilic,_409,118,NULL,,Pearl DGS,19,0,0,0,1,409,3099
Aurolab,Auroflex EV. Hydrophilic,_410,118,NULL,,Pearl DGS,19,0,0,0,1,410,3100
Aurolab,Auroflex toric. Hydrophilic,_411,118,NULL,,Pearl DGS,19,0,0,0,1,411,3101
Aurolab,Aurogold PMMA,_412,118.5,NULL,,Pearl DGS,19,0,0,0,1,412,3102
Aurolab,Auroped (pediatric PMMA IOL),_413,118.5,NULL,,Pearl DGS,19,0,0,0,1,413,3103
Aurolab,Aurovue Dfine Hydrophobic,_414,118.7,NULL,,Pearl DGS,19,0,0,0,1,414,3104
Aurolab,Aurovue EV Gold Hydrophobic,_415,118.7,NULL,,Pearl DGS,19,0,0,0,1,415,3105
Aurolab,Aurovue EV Hydrophobic,_416,118.7,NULL,,Pearl DGS,19,0,0,0,1,416,3106
Aurolab,Aurovue EV Toric Hydrophobic,_417,118.7,NULL,,Pearl DGS,19,0,0,0,1,417,3107
Aurolab,Aurovue Hydrophobic monofocal,_418,118.7,NULL,,Pearl DGS,19,0,0,0,1,418,3108
Aurolab,Aurovue multipiece preloaded Hydrophobic.,_419,118.4,NULL,,Pearl DGS,19,0,0,0,1,419,3109
Aurolab,Aurovue Vivid Hydrophobic,_420,118.7,NULL,,Pearl DGS,19,0,0,0,1,420,3110
Aurolab,Low power IOL,_421,117.5,NULL,,Pearl DGS,19,0,0,0,1,421,3111
Aurolab,Negative power IOL,_422,117.5,NULL,,Pearl DGS,19,0,0,0,1,422,3112
Aurolab,Scleral fixation IOL PMMA,_423,118.5,NULL,,Pearl DGS,19,0,0,0,1,423,3113
Aurolab,Three piece PMMA,_424,118.5,NULL,,Pearl DGS,19,0,0,0,1,424,3114
Aurolab,Truedge Aspheric PMMA,_425,118,NULL,,Pearl DGS,19,0,0,0,1,425,3115
ZEISS,CT ASPHINA 409M,998,117.95,NULL,"{""iolModel"":""Asphina""}",Pearl DGS,19,0,0,0,1,232,3116
ZEISS,CT ASPHINA 409MP,999,117.95,NULL,"{""iolModel"":""Asphina""}",Pearl DGS,19,0,0,0,1,233,3117
SIFI,MINI Toric Ready,1155,118.88,NULL,,Pearl DGS,19,0,0,0,1,264,3118
SIFI,MINI WELL Toric Ready,1143,118.74,NULL,,Pearl DGS,19,0,0,0,1,265,3119
Johnson and Johnson Vision,DCB00,1630,119.3,NULL,"{""iolModel"":""PCB""}",Pearl DGS,19,0,0,0,1,365,3120
Rayner,RayOne Aspheric,891,118.6,NULL,,Pearl DGS,19,0,0,0,1,223,3121
Rayner,RayOne EMV,1721,118.6,NULL,,Pearl DGS,19,0,0,0,1,224,3122
Rayner,RayOne Hydrophobic,918,118.6,NULL,,Pearl DGS,19,0,0,0,1,225,3123
Rayner,RayOne Spheric,892,118.6,NULL,,Pearl DGS,19,0,0,0,1,226,3124
Rayner,RayOne Trifocal,893,118.6,NULL,,Pearl DGS,19,0,0,0,1,227,3125
Rayner,RayOne EMV Toric,2326,118.6,NULL,,Pearl DGS,19,0,0,0,1,438,3126
Rayner,RayOne Toric,919,118.6,NULL,,Pearl DGS,19,0,0,0,1,439,3127
Rayner,RayOne Trifocal Toric,1076,118.6,NULL,,Pearl DGS,19,0,0,0,1,440,3128
Johnson and Johnson Vision,AR40e,700,118.4,NULL,,Pearl DGS,19,0,0,0,1,145,3129
Johnson and Johnson Vision,AR40E,699,118.4,NULL,,Pearl DGS,19,0,0,0,1,144,3130
Alcon,AcrySof SA60AT,879,118.85,NULL,,Pearl DGS,19,0,0,0,1,156,3131
Alcon,AcrySof SN60AT,878,118.85,NULL,,Pearl DGS,19,0,0,0,1,158,3132
Bausch + Lomb,enVista,197,119.3,NULL,"{""iolModel"":""MX60""}",Pearl DGS,19,0,0,0,1,165,3133
Bausch + Lomb,enVista toric,196,119.3,NULL,"{""iolModel"":""MX60""}",Pearl DGS,19,0,0,0,1,246,3134
Hoya,XC1,125,119.2,NULL,,Pearl DGS,19,0,0,0,1,186,3135
Hoya,XC1-SP,940,119.2,NULL,,Pearl DGS,19,0,0,0,1,187,3136
Hoya,XY1,117,119.2,NULL,,Pearl DGS,19,0,0,0,1,188,3137
Hoya,XY1-SP,941,119.2,NULL,,Pearl DGS,19,0,0,0,1,189,3138
Alcon,AcrySof TFNT (20-60),872,119.2,NULL,"{""iolModel"":""Panoptix""}",Pearl DGS,19,0,0,0,1,160,3139
Alcon,AcrySof TFNT00,871,119.2,NULL,"{""iolModel"":""Panoptix""}",Pearl DGS,19,0,0,0,1,161,3140
Soleko,Evolve,_147,NULL,5.33,,Hoffer®QST,16,0,0,0,1,147,3141
Soleko,FIL 611,_148,NULL,5.6,,Hoffer®QST,16,0,0,0,1,148,3142
Soleko,FIL SSF (sutureless scleral fixation),_149,NULL,5.48,,Hoffer®QST,16,0,0,0,1,149,3143
Soleko,FO 610 (hydrophobic),_150,NULL,6.1,,Hoffer®QST,16,0,0,0,1,150,3144
Soleko,Optofobic 2.0 (hydrophobic 2nd gen.),_151,NULL,5.99,,Hoffer®QST,16,0,0,0,1,151,3145
Alcon,AcrySof IQ Vivity DFT015,1157,NULL,5.644,,Hoffer®QST,16,0,0,0,1,152,3146
Alcon,AcrySof IQ Vivity Toric DFT (2-6)15,1158,NULL,5.7,,Hoffer®QST,16,0,0,0,1,153,3147
Alcon,AcrySof MA60AC,882,NULL,5.67,,Hoffer®QST,16,0,0,0,1,154,3148
Alcon,AcrySof MA60MA (+D),886,NULL,5.8,,Hoffer®QST,16,0,0,0,1,140,3149
Alcon,AcrySof MA60MA (-D),887,NULL,5.8,,Hoffer®QST,16,0,0,0,1,141,3150
Alcon,AcrySof MN60AC,881,NULL,5.67,,Hoffer®QST,16,0,0,0,1,155,3151
Alcon,AcrySof MN60MA (+D),884,NULL,5.8,,Hoffer®QST,16,0,0,0,1,142,3152
Alcon,AcrySof MN60MA (-D),885,NULL,5.8,,Hoffer®QST,16,0,0,0,1,143,3153
Alcon,AcrySof SA60AT,879,NULL,5.38,,Hoffer®QST,16,0,0,0,1,156,3154
Alcon,AcrySof SA60WF,868,NULL,5.67,,Hoffer®QST,16,0,0,0,1,157,3155
Alcon,AcrySof SN60AT,878,NULL,5.38,,Hoffer®QST,16,0,0,0,1,158,3156
Alcon,AcrySof SN60WF,867,NULL,5.67,,Hoffer®QST,16,0,0,0,1,159,3157
Alcon,AcrySof TFNT (20-60),872,NULL,5.83,,Hoffer®QST,16,0,0,0,1,160,3158
Alcon,AcrySof TFNT00,871,NULL,5.77,,Hoffer®QST,16,0,0,0,1,161,3159
Alcon,Clareon CNA0T0,890,NULL,5.76,,Hoffer®QST,16,0,0,0,1,162,3160
Bausch + Lomb,Akreos Adapt AO,190,NULL,5.18,,Hoffer®QST,16,0,0,0,1,163,3161
Bausch + Lomb,Akreos MICS,189,NULL,5.61,,Hoffer®QST,16,0,0,0,1,164,3162
Bausch + Lomb,enVista,197,NULL,5.68,,Hoffer®QST,16,0,0,0,1,165,3163
Bausch + Lomb,EyeCee One,200,NULL,6,,Hoffer®QST,16,0,0,0,1,166,3164
Bausch + Lomb,EyeCee One CRYSTAL,723,NULL,6,,Hoffer®QST,16,0,0,0,1,167,3165
Bausch + Lomb,EyeCee One CRYSTAL Preloaded,722,NULL,6,,Hoffer®QST,16,0,0,0,1,168,3166
Bausch + Lomb,EyeCee One Preloaded,199,NULL,6,,Hoffer®QST,16,0,0,0,1,169,3167
Bausch + Lomb,LuxGood,1799,NULL,5.67,,Hoffer®QST,16,0,0,0,1,170,3168
Bausch + Lomb,LuxGood crystal,1800,NULL,5.67,,Hoffer®QST,16,0,0,0,1,171,3169
Bausch + Lomb,LuxSmart,1171,NULL,5.23,,Hoffer®QST,16,0,0,0,1,172,3170
Bausch + Lomb,LuxSmart crystal,1172,NULL,5.23,,Hoffer®QST,16,0,0,0,1,173,3171
Hoya,150,130,NULL,5.3,,Hoffer®QST,16,0,0,0,1,174,3172
Hoya,151,131,NULL,5.3,,Hoffer®QST,16,0,0,0,1,175,3173
Hoya,250,129,NULL,5.3,,Hoffer®QST,16,0,0,0,1,176,3174
Hoya,251,128,NULL,5.3,,Hoffer®QST,16,0,0,0,1,177,3175
Hoya,254,126,NULL,5.3,,Hoffer®QST,16,0,0,0,1,178,3176
Hoya,255,127,NULL,5.3,,Hoffer®QST,16,0,0,0,1,179,3177
Hoya,NC1-SP,1164,NULL,5.715,,Hoffer®QST,16,0,0,0,1,180,3178
Hoya,NY1-SP,1802,NULL,5.715,,Hoffer®QST,16,0,0,0,1,181,3179
Hoya,PC-60AD,133,NULL,5.3,,Hoffer®QST,16,0,0,0,1,182,3180
Hoya,PC-60R,134,NULL,5.24,,Hoffer®QST,16,0,0,0,1,183,3181
Hoya,PY-60AD,132,NULL,5.3,,Hoffer®QST,16,0,0,0,1,184,3182
Hoya,VA-60BB,138,NULL,5.32,,Hoffer®QST,16,0,0,0,1,185,3183
Hoya,XC1,125,NULL,5.721,,Hoffer®QST,16,0,0,0,1,186,3184
Hoya,XC1-SP,940,NULL,5.721,,Hoffer®QST,16,0,0,0,1,187,3185
Hoya,XY1,117,NULL,5.721,,Hoffer®QST,16,0,0,0,1,188,3186
Hoya,XY1-SP,941,NULL,5.721,,Hoffer®QST,16,0,0,0,1,189,3187
Hoya,YA-60BB,137,NULL,5.5,,Hoffer®QST,16,0,0,0,1,190,3188
Johnson and Johnson Vision,AAB00,576,NULL,5.56,,Hoffer®QST,16,0,0,0,1,191,3189
Johnson and Johnson Vision,AR40E,699,NULL,5.41,,Hoffer®QST,16,0,0,0,1,144,3190
Johnson and Johnson Vision,AR40e,700,NULL,5.39,,Hoffer®QST,16,0,0,0,1,145,3191
Johnson and Johnson Vision,AR40M,698,NULL,5.41,,Hoffer®QST,16,0,0,0,1,146,3192
Johnson and Johnson Vision,DIB00,1117,NULL,5.77,,Hoffer®QST,16,0,0,0,1,192,3193
Johnson and Johnson Vision,ICB00,1039,NULL,5.77,,Hoffer®QST,16,0,0,0,1,193,3194
Johnson and Johnson Vision,ZA9003,577,NULL,5.61,,Hoffer®QST,16,0,0,0,1,194,3195
Johnson and Johnson Vision,ZCB00,696,NULL,5.8,,Hoffer®QST,16,0,0,0,1,195,3196
Johnson and Johnson Vision,ZCB00V,697,NULL,5.7,,Hoffer®QST,16,0,0,0,1,196,3197
Johnson and Johnson Vision,ZCT,635,NULL,5.7,,Hoffer®QST,16,0,0,0,1,197,3198
Johnson and Johnson Vision,DFR00V,1631,NULL,5.7,,Hoffer®QST,16,0,0,0,1,366,3199
Johnson and Johnson Vision,ZFW,1626,NULL,5.7,,Hoffer®QST,16,0,0,0,1,199,3200
Johnson and Johnson Vision,ZKB00,645,NULL,5.7,,Hoffer®QST,16,0,0,0,1,200,3201
Johnson and Johnson Vision,ZKU,1167,NULL,5.72,,Hoffer®QST,16,0,0,0,1,201,3202
Johnson and Johnson Vision,ZLB00,646,NULL,5.7,,Hoffer®QST,16,0,0,0,1,202,3203
Johnson and Johnson Vision,ZLU,1168,NULL,5.72,,Hoffer®QST,16,0,0,0,1,203,3204
Johnson and Johnson Vision,ZMB00,647,NULL,5.7,,Hoffer®QST,16,0,0,0,1,204,3205
Johnson and Johnson Vision,ZXR00,687,NULL,5.59,,Hoffer®QST,16,0,0,0,1,205,3206
Johnson and Johnson Vision,ZXR00V,1679,NULL,5.59,,Hoffer®QST,16,0,0,0,1,206,3207
Johnson and Johnson Vision,ZXT,688,NULL,5.7,,Hoffer®QST,16,0,0,0,1,207,3208
Johnson and Johnson Vision,ZXW,1675,NULL,5.7,,Hoffer®QST,16,0,0,0,1,208,3209
Medicontur,Bi-Flex 677AD,1749,NULL,5.431,,Hoffer®QST,16,0,0,0,1,209,3210
Medicontur,Bi-Flex 677ADY,1750,NULL,5.431,,Hoffer®QST,16,0,0,0,1,210,3211
Medicontur,Bi-Flex PILMA 677P,1057,NULL,5.431,,Hoffer®QST,16,0,0,0,1,211,3212
Medicontur,Bi-Flex PILMA 677PY,1051,NULL,5.431,,Hoffer®QST,16,0,0,0,1,212,3213
Medicontur,Liberty 677MY,1060,NULL,5.431,,Hoffer®QST,16,0,0,0,1,213,3214
Medicontur,Liberty 677PMY,1061,NULL,5.431,,Hoffer®QST,16,0,0,0,1,214,3215
Medicontur,Q-Flex 640AD,1751,NULL,5.46,,Hoffer®QST,16,0,0,0,1,215,3216
Medicontur,Q-Flex 640ADY,1752,NULL,5.46,,Hoffer®QST,16,0,0,0,1,216,3217
Medicontur,Q-Flex 640P,1056,NULL,5.46,,Hoffer®QST,16,0,0,0,1,217,3218
Medicontur,Q-Flex 640PY,1055,NULL,5.46,,Hoffer®QST,16,0,0,0,1,218,3219
PhysIOL,ISOPURE 123,1627,NULL,5.85,,Hoffer®QST,16,0,0,0,1,219,3220
PhysIOL,Micropure 123,926,NULL,5.85,,Hoffer®QST,16,0,0,0,1,220,3221
PhysIOL,POD F GF,933,NULL,5.85,,Hoffer®QST,16,0,0,0,1,221,3222
PhysIOL,PODeye,925,NULL,5.85,,Hoffer®QST,16,0,0,0,1,222,3223
Rayner,RayOne Aspheric,891,NULL,5.32,,Hoffer®QST,16,0,0,0,1,223,3224
Rayner,RayOne EMV,1721,NULL,5.32,,Hoffer®QST,16,0,0,0,1,224,3225
Rayner,RayOne Hydrophobic,918,NULL,5.58,,Hoffer®QST,16,0,0,0,1,225,3226
Rayner,RayOne Spheric,892,NULL,5.32,,Hoffer®QST,16,0,0,0,1,226,3227
Rayner,RayOne Trifocal,893,NULL,5.32,,Hoffer®QST,16,0,0,0,1,227,3228
SIFI,Mini WELL Proxa,1755,NULL,5.21,,Hoffer®QST,16,0,0,0,1,228,3229
SIFI,MINI WELL Ready,1156,NULL,5.32,,Hoffer®QST,16,0,0,0,1,229,3230
ZEISS,AT LARA 829MP,978,NULL,5.02,,Hoffer®QST,16,0,0,0,1,230,3231
ZEISS,AT LISA tri 839MP,985,NULL,5.347,,Hoffer®QST,16,0,0,0,1,231,3232
ZEISS,CT ASPHINA 409M,998,NULL,5.179,,Hoffer®QST,16,0,0,0,1,232,3233
ZEISS,CT ASPHINA 409MP,999,NULL,5.179,,Hoffer®QST,16,0,0,0,1,233,3234
ZEISS,CT ASPHINA 509M,1001,NULL,4.911,,Hoffer®QST,16,0,0,0,1,234,3235
ZEISS,CT ASPHINA 509MP,1003,NULL,4.911,,Hoffer®QST,16,0,0,0,1,235,3236
ZEISS,CT LUCIA 211P,1008,NULL,6.308,,Hoffer®QST,16,0,0,0,1,236,3237
ZEISS,CT LUCIA 211PY,1009,NULL,6.308,,Hoffer®QST,16,0,0,0,1,237,3238
ZEISS,CT LUCIA 221P,1139,NULL,6.29,,Hoffer®QST,16,0,0,0,1,238,3239
ZEISS,CT LUCIA 611P,1013,NULL,6.27,,Hoffer®QST,16,0,0,0,1,239,3240
ZEISS,CT LUCIA 611PY,1014,NULL,6.27,,Hoffer®QST,16,0,0,0,1,240,3241
ZEISS,CT LUCIA 621P,1137,NULL,6.073,,Hoffer®QST,16,0,0,0,1,241,3242
ZEISS,CT LUCIA 621PY,1138,NULL,6.073,,Hoffer®QST,16,0,0,0,1,242,3243
ZEISS,CT SPHERIS 209M,1017,NULL,5.16,,Hoffer®QST,16,0,0,0,1,243,3244
Johnson and Johnson Vision,ZA9002,_362,118.8,NULL,,Hoffer®QST,16,0,0,0,1,362,3245
Aurolab,Anterior chamber IOL,_407,115.3,NULL,,Hoffer®QST,16,0,0,0,1,407,3246
Aurolab,Auroflex aspheric IOL Hydrophilic,_408,118,NULL,,Hoffer®QST,16,0,0,0,1,408,3247
Aurolab,Auroflex EV gold Hydrophilic,_409,118,NULL,,Hoffer®QST,16,0,0,0,1,409,3248
Aurolab,Auroflex EV. Hydrophilic,_410,118,NULL,,Hoffer®QST,16,0,0,0,1,410,3249
Aurolab,Auroflex toric. Hydrophilic,_411,118,NULL,,Hoffer®QST,16,0,0,0,1,411,3250
Aurolab,Aurogold PMMA,_412,118.5,NULL,,Hoffer®QST,16,0,0,0,1,412,3251
Aurolab,Auroped (pediatric PMMA IOL),_413,118.5,NULL,,Hoffer®QST,16,0,0,0,1,413,3252
Aurolab,Aurovue Dfine Hydrophobic,_414,118.7,NULL,,Hoffer®QST,16,0,0,0,1,414,3253
Aurolab,Aurovue EV Gold Hydrophobic,_415,118.7,NULL,,Hoffer®QST,16,0,0,0,1,415,3254
Aurolab,Aurovue EV Hydrophobic,_416,118.7,NULL,,Hoffer®QST,16,0,0,0,1,416,3255
Aurolab,Aurovue EV Toric Hydrophobic,_417,118.7,NULL,,Hoffer®QST,16,0,0,0,1,417,3256
Aurolab,Aurovue Hydrophobic monofocal,_418,118.7,NULL,,Hoffer®QST,16,0,0,0,1,418,3257
Aurolab,Aurovue multipiece preloaded Hydrophobic.,_419,118.4,NULL,,Hoffer®QST,16,0,0,0,1,419,3258
Aurolab,Aurovue Vivid Hydrophobic,_420,118.7,NULL,,Hoffer®QST,16,0,0,0,1,420,3259
Aurolab,Low power IOL,_421,117.5,NULL,,Hoffer®QST,16,0,0,0,1,421,3260
Aurolab,Negative power IOL,_422,117.5,NULL,,Hoffer®QST,16,0,0,0,1,422,3261
Aurolab,Scleral fixation IOL PMMA,_423,118.5,NULL,,Hoffer®QST,16,0,0,0,1,423,3262
Aurolab,Three piece PMMA,_424,118.5,NULL,,Hoffer®QST,16,0,0,0,1,424,3263
Aurolab,Truedge Aspheric PMMA,_425,118,NULL,,Hoffer®QST,16,0,0,0,1,425,3264
Bausch + Lomb,enVista toric,196,NULL,5.61,,Hoffer®QST,16,0,0,0,1,246,3265
Alcon,AcrySof SN6AT (2-9),875,NULL,5.9,,Hoffer®QST,16,0,0,0,1,260,3266
Johnson and Johnson Vision,DFW (CE approved),1625,NULL,5.7,,Hoffer®QST,16,0,0,0,1,364,3267
Johnson and Johnson Vision,DIU,1740,NULL,5.7,,Hoffer®QST,16,0,0,0,1,367,3268
Bausch + Lomb,Luxmart Toric,2269,NULL,5.23,,Hoffer®QST,16,0,0,0,1,426,3269
Hoya,XY1-GT / XY1-GPT,2320,NULL,5.64,,Hoffer®QST,16,0,0,0,1,428,3270
Hoya,XY1A,561,NULL,5.721,,Hoffer®QST,16,0,0,0,1,429,3271
Hoya,XY1A-SP,1801,NULL,5.721,,Hoffer®QST,16,0,0,0,1,430,3272
Kowa,CP2.2,799,NULL,5.62,,Hoffer®QST,16,0,0,0,1,431,3273
Kowa,CP2.2R,801,NULL,5.62,,Hoffer®QST,16,0,0,0,1,432,3274
Medicontur,Bi-Flex 677TA,1058,NULL,5.431,,Hoffer®QST,16,0,0,0,1,295,3275
Medicontur,Bi-Flex 677TAY,1059,NULL,5.431,,Hoffer®QST,16,0,0,0,1,296,3276
Medicontur,Liberty Toric 677MTY,1088,NULL,5.431,,Hoffer®QST,16,0,0,0,1,292,3277
PhysIOL,POD F Toric,929,NULL,5.59,,Hoffer®QST,16,0,0,0,1,328,3278
PhysIOL,PODEYE TORIC,1747,NULL,5.85,,Hoffer®QST,16,0,0,0,1,330,3279
Rayner,RayOne EMV Toric,2326,NULL,5.32,,Hoffer®QST,16,0,0,0,1,438,3280
Rayner,RayOne Toric,919,NULL,5.32,,Hoffer®QST,16,0,0,0,1,439,3281
Rayner,RayOne Trifocal Toric,1076,NULL,5.32,,Hoffer®QST,16,0,0,0,1,440,3282
SIFI,MINI Toric Ready,1155,NULL,5.38,,Hoffer®QST,16,0,0,0,1,264,3283
SIFI,MINI WELL Toric Ready,1143,NULL,5.426,,Hoffer®QST,16,0,0,0,1,265,3284
ZEISS,AT LARA toric 929M/MP,1860,NULL,5.07,,Hoffer®QST,16,0,0,0,1,251,3285
Johnson and Johnson Vision,PCB00,578,NULL,5.8,,Hoffer®QST,16,0,0,0,1,280,3286
Johnson and Johnson Vision,DCB00,1630,NULL,5.6,,Hoffer®QST,16,0,0,0,1,365,3287
Johnson and Johnson Vision,ZFR00V,1089,NULL,5.7,,Hoffer®QST,16,0,0,0,1,198,3288
SIFI,Evolux,2296,NULL,5.11,,Hoffer®QST,16,0,0,0,1,444,3289
Johnson and Johnson Vision,Tecnis 3-Piece (Z9002),_244,118.8,NULL,"{""iolPowers"":[{""From"":6.0,""To"":30.0,""By"":0.5}]}",Cooke K6,20,0,0,0,1,244,3290
Alcon,AcrySof IQ Vivity DFT015,1157,119.16,NULL,"{""iolPowers"":[{""From"":15.0,""To"":25.0,""By"":0.5}]}",Cooke K6,20,0,0,0,1,152,3291
Alcon,AcrySof IQ Vivity Toric DFT (2-6)15,1158,119.16,NULL,"{""iolPowers"":[{""From"":15.0,""To"":25.0,""By"":0.5}]}",Cooke K6,20,0,0,0,1,153,3292
Alcon,AcrySof MA60MA (+D),886,118.9,NULL,"{""iolPowers"":[{""From"":-5.0,""To"":5.0,""By"":1.0}],""iolModel"":""AlconMA60MA""}",Cooke K6,20,0,0,0,1,140,3293
Alcon,AcrySof MA60MA (-D),887,118.9,NULL,"{""iolPowers"":[{""From"":-5.0,""To"":5.0,""By"":1.0}],""iolModel"":""AlconMA60MA""}",Cooke K6,20,0,0,0,1,141,3294
Alcon,AcrySof MN60MA (+D),884,118.9,NULL,"{""iolPowers"":[{""From"":-5.0,""To"":5.0,""By"":1.0}],""iolModel"":""AlconMA60MA""}",Cooke K6,20,0,0,0,1,142,3295
Alcon,AcrySof MN60MA (-D),885,118.9,NULL,"{""iolPowers"":[{""From"":-5.0,""To"":5.0,""By"":1.0}],""iolModel"":""AlconMA60MA""}",Cooke K6,20,0,0,0,1,143,3296
Alcon,AcrySof SA60AT,879,118.74,NULL,"{""iolPowers"":[{""From"":6.0,""To"":30.0,""By"":0.5},{""From"":31.0,""To"":40.0,""By"":1.0}]},{""iolModel"":""AlconSA60AT""}",Cooke K6,20,0,0,0,1,156,3297
Alcon,AcrySof SA60WF,868,119,NULL,"{""iolPowers"":[{""From"":6.0,""To"":30.0,""By"":0.5}]}",Cooke K6,20,0,0,0,1,157,3298
Alcon,AcrySof SN60AT,878,118.74,NULL,"{""iolPowers"":[{""From"":6.0,""To"":30.0,""By"":0.5},{""From"":31.0,""To"":40.0,""By"":1.0}]},{""iolModel"":""AlconSA60AT""}",Cooke K6,20,0,0,0,1,158,3299
Alcon,AcrySof SN60WF,867,119,NULL,"{""iolPowers"":[{""From"":6.0,""To"":30.0,""By"":0.5}]}",Cooke K6,20,0,0,0,1,159,3300
Alcon,AcrySof TFNT (20-60),872,119.21,NULL,"{""iolPowers"":[{""From"":6.0,""To"":30.0,""By"":0.5},{""From"":31.0,""To"":34.0,""By"":1.0}]}",Cooke K6,20,0,0,0,1,160,3301
Alcon,AcrySof TFNT00,871,119.21,NULL,"{""iolPowers"":{""From"":6.0,""To"":30.0,""By"":0.5},{""From"":31.0,""To"":34.0,""By"":1.0}]}",Cooke K6,20,0,0,0,1,161,3302
Bausch + Lomb,enVista,197,119.1,NULL,,Cooke K6,20,0,0,0,1,165,3303
Bausch + Lomb,enVista enhanced (MX60E),1834,119.1,NULL,"{""iolPowers"":[{""From"":0.0,""To"":10.0,""By"":1.0},{""From"":10.5,""To"":30.0,""By"":0.5},{""From"":31.0,""To"":34.0,""By"":1.0}]}",Cooke K6,20,0,0,0,1,245,3304
Bausch + Lomb,enVista toric,196,119.1,NULL,,Cooke K6,20,0,0,0,1,246,3305
Bausch + Lomb,SofPort AO,195,118.73,NULL,,Cooke K6,20,0,0,0,1,247,3306
Johnson and Johnson Vision,AAB00,576,119,NULL,"{""iolPowers"":[{""From"":5.0,""To"":34.0,""By"":0.5}],""iolModel"":""JAndJ1PieceTecnisOrSensar""}",Cooke K6,20,0,0,0,1,191,3307
Johnson and Johnson Vision,DIB00,1117,119.3,NULL,"{""iolPowers"":[{""From"":5.0,""To"":34.0,""By"":0.5}],""iolModel"":""JAndJ1PieceTecnisOrSensar""}",Cooke K6,20,0,0,0,1,192,3308
Johnson and Johnson Vision,ZA9003,577,119.1,NULL,"{""iolPowers"":[{""From"":10,""To"":30,""By"":0.5}],""iolModel"":""Other""}",Cooke K6,20,0,0,0,1,194,3309
Johnson and Johnson Vision,DCB00,1630,119.3,NULL,"{""iolPowers"":[{""From"":5.0,""To"":34.0,""By"":0.5}],""iolModel"":""JAndJ1PieceTecnisOrSensar""}",Cooke K6,20,0,0,0,1,365,3310
Johnson and Johnson Vision,ZCB00V,697,119.3,NULL,"{""iolPowers"":[{""From"":5.0,""To"":34.0,""By"":0.5}],""iolModel"":""JAndJ1PieceTecnisOrSensar""}",Cooke K6,20,0,0,0,1,196,3311
Johnson and Johnson Vision,ZCU (CE approved),1859,119.3,NULL,"{""iolPowers"":[{""From"":5.0,""To"":34.0,""By"":0.5}],""iolModel"":""JAndJ1PieceTecnisOrSensar""}",Cooke K6,20,0,0,0,1,248,3312
Johnson and Johnson Vision,ZCU (FDA approved),1169,119.3,NULL,"{""iolPowers"":[{""From"":5.0,""To"":34.0,""By"":0.5}],""iolModel"":""JAndJ1PieceTecnisOrSensar""}",Cooke K6,20,0,0,0,1,249,3313
Johnson and Johnson Vision,ZXR00,687,119.3,NULL,"{""iolPowers"":[{""From"":5.0,""To"":34.0,""By"":0.5}],""iolModel"":""JAndJ1PieceTecnisOrSensar""}",Cooke K6,20,0,0,0,1,205,3314
Johnson and Johnson Vision,ZXR00V,1679,119.3,NULL,"{""iolPowers"":[{""From"":5.0,""To"":34.0,""By"":0.5}],""iolModel"":""JAndJ1PieceTecnisOrSensar""}",Cooke K6,20,0,0,0,1,206,3315
ZEISS,AT LARA 829MP,978,118.5,NULL,"{""iolPowers"":[{""From"":-10.0,""To"":32.0,""By"":0.5}]},{""iolModel"":""ZeissPlateHaptic""}",Cooke K6,20,0,0,0,1,230,3316
ZEISS,AT LARA toric 929M,972,118.5,NULL,,Cooke K6,20,0,0,0,1,250,3317
ZEISS,AT LARA toric 929M/MP,1860,118.5,NULL,"{""iolPowers"":[{""From"":-3.5,""To"":38.0,""By"":0.25}]},{""iolModel"":""ZeissPlateHaptic""}",Cooke K6,20,0,0,0,1,251,3318
ZEISS,AT LARA toric 929MP,971,118.5,NULL,,Cooke K6,20,0,0,0,1,252,3319
ZEISS,AT LISA tri 839MP,985,118.6,NULL,"{""iolPowers"":[{""From"":0.0,""To"":32.0,""By"":0.5}]},{""iolModel"":""ZeissPlateHaptic""}",Cooke K6,20,0,0,0,1,231,3320
ZEISS,AT LISA tri toric 939M/MP,1861,118.8,NULL,"{""iolPowers"":[{""From"":-9.5,""To"":30.0,""By"":0.25}]},{""iolModel"":""ZeissPlateHaptic""}",Cooke K6,20,0,0,0,1,253,3321
ZEISS,AT TORBI 709M,989,118.3,NULL,"{""iolPowers"":[{""From"":-9.5,""To"":38.0,""By"":0.25}]},{""iolModel"":""ZeissPlateHaptic""}",Cooke K6,20,0,0,0,1,254,3322
ZEISS,AT TORBI 709MP,990,118.3,NULL,"{""iolPowers"":[{""From"":-9.5,""To"":38.0,""By"":0.25}]},{""iolModel"":""ZeissPlateHaptic""}",Cooke K6,20,0,0,0,1,255,3323
ZEISS,CT ASPHINA 409M,998,118.34,NULL,"{""iolPowers"":[{""From"":0.0,""To"":10.0,""By"":1.0},{""From"":10.5,""To"":30.0,""By"":0.5},{""From"":31.0,""To"":32.0,""By"":1.0}]},{""iolModel"":""ZeissPlateHaptic""}",Cooke K6,20,0,0,0,1,232,3324
ZEISS,CT ASPHINA 409MP,999,118.34,NULL,"{""iolPowers"":[{""From"":0.0,""To"":10.0,""By"":1.0},{""From"":10.5,""To"":30.0,""By"":0.5},{""From"":31.0,""To"":32.0,""By"":1.0}]},{""iolModel"":""ZeissPlateHaptic""}",Cooke K6,20,0,0,0,1,233,3325
ZEISS,CT ASPHINA 409MV,1000,118.34,NULL,,Cooke K6,20,0,0,0,1,256,3326
ZEISS,CT ASPHINA 509M,1001,117.84,NULL,"{""iolModel"":""ZeissPlateHaptic""},{""iolModel"":""ZeissPlateHaptic""}",Cooke K6,20,0,0,0,1,234,3327
ZEISS,CT ASPHINA 509MP,1003,117.84,NULL,"{""iolModel"":""ZeissPlateHaptic""},{""iolModel"":""ZeissPlateHaptic""}",Cooke K6,20,0,0,0,1,235,3328
ZEISS,CT SPHERIS 204,1016,118.3,NULL,"{""iolPowers"":[{""From"":-10.0,""To"":10.0,""By"":1.0},{""From"":10.5,""To"":30.0,""By"":0.5},{""From"":31.0,""To"":45.0,""By"":1.0}]},{""iolModel"":""ZeissPlateHaptic""}",Cooke K6,20,0,0,0,1,257,3329
ZEISS,CT SPHERIS 209M,1017,118.3,NULL,"{""iolPowers"":[{""From"":0.0,""To"":10.0,""By"":1.0},{""From"":10.5,""To"":30.0,""By"":0.5},{""From"":31.0,""To"":32.0,""By"":1.0}]},{""iolModel"":""ZeissPlateHaptic""}",Cooke K6,20,0,0,0,1,243,3330
Johnson and Johnson Vision,ZA9002,_362,118.8,NULL,,Cooke K6,20,0,0,0,1,362,3331
Johnson and Johnson Vision,DFR00V,1631,119.3,NULL,"{""iolPowers"":[{""From"":5.0,""To"":34.0,""By"":0.5}]},{""iolModel"":""JAndJ1PieceTecnisOrSensar""}",Cooke K6,20,0,0,0,1,366,3332
Aurolab,Anterior chamber IOL,_407,115.3,NULL,,Cooke K6,20,0,0,0,1,407,3333
Aurolab,Auroflex aspheric IOL Hydrophilic,_408,118,NULL,,Cooke K6,20,0,0,0,1,408,3334
Aurolab,Auroflex EV gold Hydrophilic,_409,118,NULL,,Cooke K6,20,0,0,0,1,409,3335
Aurolab,Auroflex EV. Hydrophilic,_410,118,NULL,,Cooke K6,20,0,0,0,1,410,3336
Aurolab,Auroflex toric. Hydrophilic,_411,118,NULL,,Cooke K6,20,0,0,0,1,411,3337
Aurolab,Aurogold PMMA,_412,118.5,NULL,,Cooke K6,20,0,0,0,1,412,3338
Aurolab,Auroped (pediatric PMMA IOL),_413,118.5,NULL,,Cooke K6,20,0,0,0,1,413,3339
Aurolab,Aurovue Dfine Hydrophobic,_414,118.7,NULL,,Cooke K6,20,0,0,0,1,414,3340
Aurolab,Aurovue EV Gold Hydrophobic,_415,118.7,NULL,,Cooke K6,20,0,0,0,1,415,3341
Aurolab,Aurovue EV Hydrophobic,_416,118.7,NULL,,Cooke K6,20,0,0,0,1,416,3342
Aurolab,Aurovue EV Toric Hydrophobic,_417,118.7,NULL,,Cooke K6,20,0,0,0,1,417,3343
Aurolab,Aurovue Hydrophobic monofocal,_418,118.7,NULL,,Cooke K6,20,0,0,0,1,418,3344
Aurolab,Aurovue multipiece preloaded Hydrophobic.,_419,118.4,NULL,,Cooke K6,20,0,0,0,1,419,3345
Aurolab,Aurovue Vivid Hydrophobic,_420,118.7,NULL,,Cooke K6,20,0,0,0,1,420,3346
Aurolab,Low power IOL,_421,117.5,NULL,,Cooke K6,20,0,0,0,1,421,3347
Aurolab,Negative power IOL,_422,117.5,NULL,,Cooke K6,20,0,0,0,1,422,3348
Aurolab,Scleral fixation IOL PMMA,_423,118.5,NULL,,Cooke K6,20,0,0,0,1,423,3349
Aurolab,Three piece PMMA,_424,118.5,NULL,,Cooke K6,20,0,0,0,1,424,3350
Aurolab,Truedge Aspheric PMMA,_425,118,NULL,,Cooke K6,20,0,0,0,1,425,3351
Johnson and Johnson Vision,ZCB00,696,119.3,NULL,"{""iolPowers"":[{""From"":5.0,""To"":34.0,""By"":0.5}],""iolModel"":""JAndJ1PieceTecnisOrSensar""}",Cooke K6,20,0,0,0,1,195,3352
Johnson and Johnson Vision,PCB00,578,119.3,NULL,"{""iolPowers"":[{""From"":5.0,""To"":34.0,""By"":0.5}],""iolModel"":""JAndJ1PieceTecnisOrSensar""}",Cooke K6,20,0,0,0,1,280,3353
Johnson and Johnson Vision,ZFR00V,1089,119.3,NULL,"{""iolPowers"":[{""From"":5.0,""To"":34.0,""By"":0.5}],""iolModel"":""JAndJ1PieceTecnisOrSensar""}",Cooke K6,20,0,0,0,1,198,3354
Johnson and Johnson Vision,ICB00,1039,119.3,NULL,"{""iolPowers"":[{""From"":5.0,""To"":34.0,""By"":0.5}],""iolModel"":""JAndJ1PieceTecnisOrSensar""}",Cooke K6,20,0,0,0,1,193,3355
Johnson and Johnson Vision,DXR00V,2270,119.3,NULL,"{""iolPowers"":[{""From"":5.0,""To"":34.0,""By"":0.5}],""iolModel"":""JAndJ1PieceTecnisOrSensar""}",Cooke K6,20,0,0,0,1,369,3356
Alcon,AcrySof MA60MA (+D),886,119.2,NULL,"{""iolModel"":""MA60MA""}",EVO,15,0,0,0,1,140,3357
Alcon,AcrySof MA60MA (-D),887,119.2,NULL,"{""iolModel"":""MA60MA""}",EVO,15,0,0,0,1,141,3358
Alcon,AcrySof MN60MA (+D),884,119.2,NULL,"{""iolModel"":""MA60MA""}",EVO,15,0,0,0,1,142,3359
Alcon,AcrySof MN60MA (-D),885,119.2,NULL,"{""iolModel"":""MA60MA""}",EVO,15,0,0,0,1,143,3360
Johnson and Johnson Vision,AR40E,699,118.7,NULL,"{""iolModel"":""AR40e/E/M""}",EVO,15,0,0,0,1,144,3361
Johnson and Johnson Vision,AR40e,700,118.7,NULL,"{""iolModel"":""AR40e/E/M""}",EVO,15,0,0,0,1,145,3362
Johnson and Johnson Vision,AR40M,698,118.7,NULL,"{""iolModel"":""AR40e/E/M""}",EVO,15,0,0,0,1,146,3363
Johnson and Johnson Vision,ZA9002,_362,119,NULL,,EVO,15,0,0,0,1,362,3364
Johnson and Johnson Vision,ZFR00V,1089,119.3,NULL,"{""iolModel"":""Synergy""}",EVO,15,0,0,0,1,198,3365
Aurolab,Anterior chamber IOL,_407,115.3,NULL,,EVO,15,0,0,0,1,407,3366
Aurolab,Auroflex aspheric IOL Hydrophilic,_408,118,NULL,,EVO,15,0,0,0,1,408,3367
Aurolab,Auroflex EV gold Hydrophilic,_409,118,NULL,,EVO,15,0,0,0,1,409,3368
Aurolab,Auroflex EV. Hydrophilic,_410,118,NULL,,EVO,15,0,0,0,1,410,3369
Aurolab,Auroflex toric. Hydrophilic,_411,118,NULL,,EVO,15,0,0,0,1,411,3370
Aurolab,Aurogold PMMA,_412,118.5,NULL,,EVO,15,0,0,0,1,412,3371
Aurolab,Auroped (pediatric PMMA IOL),_413,118.5,NULL,,EVO,15,0,0,0,1,413,3372
Aurolab,Aurovue Dfine Hydrophobic,_414,118.7,NULL,,EVO,15,0,0,0,1,414,3373
Aurolab,Aurovue EV Gold Hydrophobic,_415,118.7,NULL,,EVO,15,0,0,0,1,415,3374
Aurolab,Aurovue EV Hydrophobic,_416,118.7,NULL,,EVO,15,0,0,0,1,416,3375
Aurolab,Aurovue EV Toric Hydrophobic,_417,118.7,NULL,,EVO,15,0,0,0,1,417,3376
Aurolab,Aurovue Hydrophobic monofocal,_418,118.7,NULL,,EVO,15,0,0,0,1,418,3377
Aurolab,Aurovue multipiece preloaded Hydrophobic.,_419,118.4,NULL,,EVO,15,0,0,0,1,419,3378
Aurolab,Aurovue Vivid Hydrophobic,_420,118.7,NULL,,EVO,15,0,0,0,1,420,3379
Aurolab,Low power IOL,_421,117.5,NULL,,EVO,15,0,0,0,1,421,3380
Aurolab,Negative power IOL,_422,117.5,NULL,,EVO,15,0,0,0,1,422,3381
Aurolab,Scleral fixation IOL PMMA,_423,118.5,NULL,,EVO,15,0,0,0,1,423,3382
Aurolab,Three piece PMMA,_424,118.5,NULL,,EVO,15,0,0,0,1,424,3383
Aurolab,Truedge Aspheric PMMA,_425,118,NULL,,EVO,15,0,0,0,1,425,3384
Johnson and Johnson Vision,DFR00V,1631,119.3,NULL,,EVO,15,0,0,0,1,366,3385
Bausch + Lomb,LuxSmart,1171,118.45,NULL,"{""iolModel"":""LuxSmart""}",EVO,15,0,0,0,1,172,3386
Bausch + Lomb,Luxmart Toric,2269,118.45,NULL,,EVO,15,0,0,0,1,426,3387
SIFI,MINI WELL Ready,1156,118.53,NULL,,EVO,15,0,0,0,1,229,3388
SIFI,Mini WELL Proxa,1755,118.35,NULL,,EVO,15,0,0,0,1,228,3389
SIFI,Evolux,2296,118.28,NULL,,EVO,15,0,0,0,1,444,3390
Alcon,AcrySof SN60AT,878,118.8,NULL,,EVO,15,0,0,0,1,158,3391
Alcon,AcrySof SA60AT,879,118.8,NULL,"{""iolModel"":""SA60AT""}",EVO,15,0,0,0,1,156,3392
Alcon,AcrySof SN60WF,867,119,NULL,"{""iolModel"":""SN60WF""}",EVO,15,0,0,0,1,159,3393
Alcon,AcrySof SA60WF,868,119,NULL,"{""iolModel"":""SA60WF""}",EVO,15,0,0,0,1,157,3394
Alcon,Clareon CNA0T0,890,119.1,NULL,"{""iolModel"":""CNA0T0""}",EVO,15,0,0,0,1,162,3395
Alcon,AcrySof IQ Vivity DFT015,1157,119.1,NULL,"{""iolModel"":""Vivity""}",EVO,15,0,0,0,1,152,3396
Alcon,AcrySof IQ Vivity Toric DFT (2-6)15,1158,119.1,NULL,,EVO,15,0,0,0,1,153,3397
Alcon,AcrySof TFNT (20-60),872,119.1,NULL,,EVO,15,0,0,0,1,160,3398
Alcon,AcrySof TFNT00,871,119.1,NULL,,EVO,15,0,0,0,1,161,3399
Bausch + Lomb,"Aspire
",_445,119.1,NULL,,EVO,15,0,0,0,1,445,3400
Bausch + Lomb,enVista enhanced (MX60E),1834,119.1,NULL,"{""iolModel"":""MX60E""}",EVO,15,0,0,0,1,245,3401
Bausch + Lomb,LuxGood,1799,119.2,NULL,"{""iolModel"":""LuxGood""}",EVO,15,0,0,0,1,170,3402
Bausch + Lomb,LuxGood crystal,1800,119.2,NULL,,EVO,15,0,0,0,1,171,3403
Bausch + Lomb,LuxSmart crystal,1172,118.45,NULL,,EVO,15,0,0,0,1,173,3404
Rayner,RayOne EMV,1721,118.1,NULL,"{""iolModel"":""EMV""}",EVO,15,0,0,0,1,224,3405
Rayner,RayOne EMV Toric,2326,118.1,NULL,,EVO,15,0,0,0,1,438,3406
Alcon,AcrySof SA6AT (2-9),1050,119.2,NULL,,EVO,15,0,0,0,1,259,3407
Alcon,AcrySof SN6AT (2-9),875,119.2,NULL,,EVO,15,0,0,0,1,260,3408
Alcon,Clareon PanOptix CNWTT0,1835,119.1,NULL,"{""iolModel"":""Panoptix""}",EVO,15,0,0,0,1,277,3409
Kowa,PU6A/AS,795,119,NULL,"{""iolModel"":""PU6A/AS""}",EVO,15,0,0,0,1,446,3410
Kowa,PN6A/AS,794,119,NULL,"{""iolModel"":""PN6A/AS""}",EVO,15,0,0,0,1,447,3411
Alcon,AcrySof MA60AC,882,119.2,NULL,"{""iolModel"":""MA60MA""}",EVO,15,0,0,0,1,154,3412
Alcon,AcrySof MN60AC,881,119.2,NULL,"{""iolModel"":""MA60MA""}",EVO,15,0,0,0,1,155,3413
Johnson and Johnson Vision,AR40M,698,118.71,NULL,,Barrett True K,14,0,0,0,1,146,3414
Johnson and Johnson Vision,ZCB00,696,119.39,NULL,,Barrett True K,14,0,0,0,1,195,3415
Johnson and Johnson Vision,ZCT,635,119.39,NULL,,Barrett True K,14,0,0,0,1,197,3416
Bausch + Lomb,SofPort AO,195,118.57,NULL,,Barrett True K,14,0,0,0,1,247,3417
Bausch + Lomb,enVista enhanced (MX60E),1834,119.2,NULL,,Barrett True K,14,0,0,0,1,245,3418
Bausch + Lomb,enVista toric,196,119.15,NULL,,Barrett True K,14,0,0,0,1,246,3419
Bausch + Lomb,enVista,197,119.2,NULL,,Barrett True K,14,0,0,0,1,165,3420
Hoya,251,128,118.48,NULL,,Barrett True K,14,0,0,0,1,177,3421
Hoya,351,575,118.48,NULL,,Barrett True K,14,0,0,0,1,266,3422
ZEISS,CT ASPHINA 409M,998,118.32,NULL,,Barrett True K,14,0,0,0,1,232,3423
ZEISS,CT ASPHINA 409MP,999,118.32,NULL,,Barrett True K,14,0,0,0,1,233,3424
ZEISS,CT ASPHINA 409MV,1000,118.32,NULL,,Barrett True K,14,0,0,0,1,256,3425
ZEISS,AT TORBI 709M,989,118.5,NULL,,Barrett True K,14,0,0,0,1,254,3426
ZEISS,AT TORBI 709MP,990,118.5,NULL,,Barrett True K,14,0,0,0,1,255,3427
Alcon,AcrySof MN60MA (+D),884,119.2,NULL,,Barrett True K,14,0,0,0,1,142,3428
Alcon,AcrySof MN60MA (-D),885,119.2,NULL,,Barrett True K,14,0,0,0,1,143,3429
Alcon,AcrySof MA60MA (+D),886,119.2,NULL,,Barrett True K,14,0,0,0,1,140,3430
Alcon,AcrySof MA60MA (-D),887,119.2,NULL,,Barrett True K,14,0,0,0,1,141,3431
Alcon,AcrySof SA60AT,879,118.53,NULL,,Barrett True K,14,0,0,0,1,156,3432
Alcon,AcrySof SN60AT,878,118.53,NULL,,Barrett True K,14,0,0,0,1,158,3433
Alcon,AcrySof SN60WF,867,118.99,NULL,,Barrett True K,14,0,0,0,1,159,3434
Alcon,AcrySof SA60WF,868,118.99,NULL,,Barrett True K,14,0,0,0,1,157,3435
Alcon,AcrySof SN6AD1,870,119.01,NULL,,Barrett True K,14,0,0,0,1,267,3436
Alcon,AcrySof SN6AT (2-9),875,119.26,NULL,,Barrett True K,14,0,0,0,1,260,3437
Alcon,AcrySof SA6AT (2-9),1050,119.26,NULL,,Barrett True K,14,0,0,0,1,259,3438
Alcon,AcrySof SND1T (2-6),874,119.36,NULL,,Barrett True K,14,0,0,0,1,261,3439
Alcon,AcrySof SV25T0,869,119.51,NULL,,Barrett True K,14,0,0,0,1,268,3440
Alcon,AcrySof SV25T (2-6),873,119.51,NULL,,Barrett True K,14,0,0,0,1,269,3441
Johnson and Johnson Vision,AR40e,700,118.71,NULL,,Barrett True K,14,0,0,0,1,145,3442
Bausch + Lomb,BL1UT,_270,119.2,NULL,,Barrett True K,14,0,0,0,1,270,3443
Johnson and Johnson Vision,ZA9002,_362,118.8,NULL,,Barrett True K,14,0,0,0,1,362,3444
Johnson and Johnson Vision,ZFR00V,1089,119.3,NULL,,Barrett True K,14,0,0,0,1,198,3445
Aurolab,Anterior chamber IOL,_407,115.3,NULL,,Barrett True K,14,0,0,0,1,407,3446
Aurolab,Auroflex aspheric IOL Hydrophilic,_408,118,NULL,,Barrett True K,14,0,0,0,1,408,3447
Aurolab,Auroflex EV gold Hydrophilic,_409,118,NULL,,Barrett True K,14,0,0,0,1,409,3448
Aurolab,Auroflex EV. Hydrophilic,_410,118,NULL,,Barrett True K,14,0,0,0,1,410,3449
Aurolab,Auroflex toric. Hydrophilic,_411,118,NULL,,Barrett True K,14,0,0,0,1,411,3450
Aurolab,Aurogold PMMA,_412,118.5,NULL,,Barrett True K,14,0,0,0,1,412,3451
Aurolab,Auroped (pediatric PMMA IOL),_413,118.5,NULL,,Barrett True K,14,0,0,0,1,413,3452
Aurolab,Aurovue Dfine Hydrophobic,_414,118.7,NULL,,Barrett True K,14,0,0,0,1,414,3453
Aurolab,Aurovue EV Gold Hydrophobic,_415,118.7,NULL,,Barrett True K,14,0,0,0,1,415,3454
Aurolab,Aurovue EV Hydrophobic,_416,118.7,NULL,,Barrett True K,14,0,0,0,1,416,3455
Aurolab,Aurovue EV Toric Hydrophobic,_417,118.7,NULL,,Barrett True K,14,0,0,0,1,417,3456
Aurolab,Aurovue Hydrophobic monofocal,_418,118.7,NULL,,Barrett True K,14,0,0,0,1,418,3457
Aurolab,Aurovue multipiece preloaded Hydrophobic.,_419,118.4,NULL,,Barrett True K,14,0,0,0,1,419,3458
Aurolab,Aurovue Vivid Hydrophobic,_420,118.7,NULL,,Barrett True K,14,0,0,0,1,420,3459
Aurolab,Low power IOL,_421,117.5,NULL,,Barrett True K,14,0,0,0,1,421,3460
Aurolab,Negative power IOL,_422,117.5,NULL,,Barrett True K,14,0,0,0,1,422,3461
Aurolab,Scleral fixation IOL PMMA,_423,118.5,NULL,,Barrett True K,14,0,0,0,1,423,3462
Aurolab,Three piece PMMA,_424,118.5,NULL,,Barrett True K,14,0,0,0,1,424,3463
Aurolab,Truedge Aspheric PMMA,_425,118,NULL,,Barrett True K,14,0,0,0,1,425,3464
Johnson and Johnson Vision,PCB00,578,119.39,NULL,,Barrett True K,14,0,0,0,1,280,3465
Johnson and Johnson Vision,DCB00,1630,119.39,NULL,,Barrett True K,14,0,0,0,1,365,3466
Johnson and Johnson Vision,DFR00V,1631,119.3,NULL,,Barrett True K,14,0,0,0,1,366,3467
SIFI,MINI WELL Ready,1156,118.44,NULL,,Barrett True K,14,0,0,0,1,229,3468
SIFI,Mini WELL Proxa,1755,118.23,NULL,,Barrett True K,14,0,0,0,1,228,3469
SIFI,Evolux,2296,118.14,NULL,,Barrett True K,14,0,0,0,1,444,3470
Alcon,AcrySof TFNT (20-60),872,119.26,NULL,,Barrett True K,14,0,0,0,1,160,3471
Alcon,AcrySof TFNT00,871,119.26,NULL,,Barrett True K,14,0,0,0,1,161,3472
Alcon,AcrySof IQ Vivity DFT015,1157,119.15,NULL,,Barrett True K,14,0,0,0,1,152,3473
Alcon,AcrySof IQ Vivity Toric DFT (2-6)15,1158,119.15,NULL,,Barrett True K,14,0,0,0,1,153,3474
Lenstec,SBL-3,1026,117.77,NULL,,Barrett True K,14,0,0,0,1,284,3475
OPHTEC,PC 565,657,118.48,NULL,,Barrett True K,14,0,0,0,1,320,3476
